,IBD_EQR_Status
0,Good
1,Good
2,Moderate
3,Good
4,Good
5,Moderate
6,Moderate
7,Moderate
8,Poor
9,Moderate
10,Good
11,Good
12,Good
13,Moderate
14,Good
15,Good
16,Good
17,Good
18,Good
19,Good
20,High
21,High
22,Good
23,Good
24,Good
25,Moderate
26,Good
27,Good
28,High
29,Good
30,Good
31,Moderate
32,Poor
33,Good
34,Moderate
35,Poor
36,Moderate
37,Poor
38,Poor
39,Good
40,Moderate
41,Poor
42,Moderate
43,Moderate
44,Moderate
45,Moderate
46,Good
47,Moderate
48,Moderate
49,Good
50,Moderate
51,Moderate
52,Moderate
53,Good
54,High
55,Moderate
56,Good
57,Moderate
58,Moderate
59,Good
60,Poor
61,Poor
62,Moderate
63,Moderate
64,Moderate
65,Poor
66,Moderate
67,Bad
68,Moderate
69,Moderate
70,Moderate
71,Moderate
72,Good
73,Moderate
74,Moderate
75,Moderate
76,Good
77,Moderate
78,Moderate
79,Moderate
80,Good
81,Good
82,Moderate
83,Moderate
84,Poor
85,Poor
86,Moderate
87,Good
88,Moderate
89,Moderate
90,Moderate
91,Moderate
92,Poor
93,Moderate
94,Poor
95,Good
96,Moderate
97,Moderate
98,Moderate
99,Moderate
100,High
101,Good
102,High
103,Good
104,Good
105,Good
106,Moderate
107,Moderate
108,Good
109,Moderate
110,Moderate
111,Moderate
112,Moderate
113,Moderate
114,Moderate
115,Moderate
116,Moderate
117,Moderate
118,Good
119,Moderate
120,Moderate
121,Moderate
122,Moderate
123,Poor
124,Moderate
125,Moderate
126,Moderate
127,Moderate
128,Moderate
129,Moderate
130,Moderate
131,Good
132,Moderate
133,Moderate
134,Moderate
135,Moderate
136,Moderate
137,Moderate
138,Good
139,Moderate
140,Good
141,Moderate
142,Moderate
143,Moderate
144,Moderate
145,Moderate
146,Moderate
147,Moderate
148,Moderate
149,Moderate
150,Moderate
151,Moderate
152,Moderate
153,Moderate
154,Moderate
155,Moderate
156,Moderate
157,Good
158,Moderate
159,Moderate
160,Moderate
161,Poor
162,Moderate
163,Moderate
164,Good
165,Moderate
166,Moderate
167,Moderate
168,Moderate
169,Moderate
170,Moderate
171,Moderate
172,Moderate
173,Moderate
174,Moderate
175,Good
176,Good
177,High
178,Good
179,Good
180,Moderate
181,Good
182,Moderate
183,Moderate
184,Moderate
185,Moderate
186,Moderate
187,Moderate
188,Moderate
189,Poor
190,High
191,High
192,High
193,High
194,Good
195,Good
196,Moderate
197,Moderate
198,Moderate
199,Good
200,Good
201,Good
202,Moderate
203,Moderate
204,Moderate
205,Good
206,High
207,High
208,High
209,Moderate
210,High
211,Moderate
212,Moderate
213,Moderate
214,Moderate
215,Moderate
216,Good
217,Moderate
218,Moderate
219,Moderate
220,Moderate
221,High
222,High
223,High
224,High
225,High
226,Moderate
227,High
228,Moderate
229,Poor
230,Moderate
231,High
232,High
233,Good
234,Poor
235,High
236,High
237,High
238,High
239,High
240,Good
241,Poor
242,High
243,High
244,Moderate
245,Moderate
246,Moderate
247,Poor
248,Moderate
249,Moderate
250,Poor
251,Moderate
252,High
253,High
254,Good
255,High
256,Moderate
257,High
258,High
259,High
260,Moderate
261,Good
262,Moderate
263,Moderate
264,High
265,High
266,Moderate
267,Moderate
268,Moderate
269,Good
270,Good
271,Good
272,High
273,High
274,High
275,High
276,High
277,Good
278,High
279,Good
280,Moderate
281,High
282,High
283,High
284,Good
285,High
286,High
287,Good
288,Good
289,Moderate
290,Moderate
291,Moderate
292,Moderate
293,Moderate
294,Moderate
295,Moderate
296,Poor
297,Poor
298,Moderate
299,Good
300,Moderate
301,Bad
302,Poor
303,Poor
304,Poor
305,High
306,High
307,High
308,Moderate
309,High
310,High
311,Good
312,High
313,High
314,High
315,Moderate
316,High
317,Good
318,Poor
319,Good
320,Moderate
321,Good
322,Moderate
323,High
324,High
325,High
326,Good
327,Good
328,Good
329,Moderate
330,High
331,High
332,High
333,Good
334,Moderate
335,Moderate
336,Moderate
337,Moderate
338,Good
339,Good
340,Moderate
341,High
342,Moderate
343,High
344,Good
345,Good
346,High
347,High
348,High
349,High
350,High
351,Moderate
352,Good
353,High
354,High
355,Moderate
356,Moderate
357,Moderate
358,Good
359,Poor
360,Moderate
361,High
362,High
363,Moderate
364,Moderate
365,Good
366,Good
367,Good
368,High
369,High
370,High
371,High
372,High
373,Good
374,High
375,Moderate
376,Moderate
377,Good
378,Moderate
379,Moderate
380,High
381,High
382,Moderate
383,Good
384,High
385,Good
386,High
387,High
388,Good
389,Moderate
390,High
391,Good
392,Good
393,Good
394,High
395,Good
396,Moderate
397,Moderate
398,High
399,Good
400,Good
401,High
402,High
403,Good
404,Moderate
405,High
406,Moderate
407,Moderate
408,Poor
409,Good
410,Poor
411,Moderate
412,Moderate
413,Moderate
414,Moderate
415,Moderate
416,High
417,High
418,Moderate
419,Moderate
420,Good
421,High
422,Good
423,Good
424,Good
425,Good
426,Moderate
427,Moderate
428,High
429,High
430,High
431,High
432,High
433,Moderate
434,Good
435,High
436,Good
437,High
438,High
439,Moderate
440,Moderate
441,Poor
442,Moderate
443,Moderate
444,Moderate
445,Moderate
446,Poor
447,Moderate
448,Moderate
449,Moderate
450,Poor
451,Moderate
452,Moderate
453,High
454,Good
455,High
456,Good
457,Moderate
458,Moderate
459,Good
460,High
461,Moderate
462,Moderate
463,Bad
464,Moderate
465,High
466,High
467,Moderate
468,High
469,High
470,Good
471,High
472,Moderate
473,Good
474,Good
475,Moderate
476,Moderate
477,Good
478,Moderate
479,Good
480,Good
481,Good
482,High
483,High
484,High
485,Poor
486,Moderate
487,Good
488,Good
489,Good
490,Moderate
491,High
492,Good
493,Good
494,Good
495,Moderate
496,Good
497,High
498,Good
499,Good
500,Good
501,Good
502,Good
503,Moderate
504,Moderate
505,Moderate
506,Moderate
507,Moderate
508,Moderate
509,Good
510,Moderate
511,Good
512,High
513,Moderate
514,Good
515,Moderate
516,Moderate
517,Moderate
518,Moderate
519,Good
520,High
521,High
522,High
523,High
524,Moderate
525,Poor
526,Moderate
527,Good
528,Moderate
529,Poor
530,Moderate
531,High
532,Good
533,High
534,High
535,Moderate
536,Good
537,High
538,Moderate
539,Moderate
540,Good
541,Poor
542,Moderate
543,Moderate
544,Moderate
545,Moderate
546,Good
547,Poor
548,Poor
549,Bad
550,Moderate
551,Moderate
552,Moderate
553,Moderate
554,Good
555,Moderate
556,Good
557,Moderate
558,Poor
559,Moderate
560,Good
561,Good
562,Moderate
563,Good
564,Good
565,Good
566,Good
567,Good
568,Moderate
569,Good
570,Moderate
571,Good
572,High
573,Moderate
574,Moderate
575,Good
576,High
577,Moderate
578,Moderate
579,Moderate
580,Moderate
581,Moderate
582,Moderate
583,Moderate
584,Moderate
585,Moderate
586,Good
587,Moderate
588,Moderate
589,Good
590,Moderate
591,Moderate
592,Moderate
593,Moderate
594,Moderate
595,Moderate
596,Poor
597,Moderate
598,Moderate
599,Poor
600,Poor
601,Poor
602,Moderate
603,Moderate
604,Moderate
605,Poor
606,Moderate
607,Moderate
608,Moderate
609,Poor
610,Poor
611,Good
612,Moderate
613,Moderate
614,Moderate
615,Moderate
616,Good
617,Good
618,Moderate
619,Moderate
620,Moderate
621,Moderate
622,Moderate
623,Moderate
624,Moderate
625,Moderate
626,Moderate
627,Good
628,Moderate
629,Good
630,Moderate
631,High
632,Good
633,Moderate
634,Moderate
635,Moderate
636,Moderate
637,Moderate
638,Good
639,Good
640,Good
641,Good
642,Poor
643,Poor
644,Moderate
645,Moderate
646,Moderate
647,Poor
648,Good
649,Moderate
650,Moderate
651,Moderate
652,Moderate
653,Moderate
654,Good
655,Moderate
656,Good
657,Moderate
658,Moderate
659,Poor
660,Good
661,Moderate
662,Good
663,Good
664,Good
665,Good
666,Moderate
667,Bad
668,Poor
669,Moderate
670,Moderate
671,Good
672,Poor
673,Poor
674,Moderate
675,Moderate
676,Moderate
677,Moderate
678,High
679,Moderate
680,Moderate
681,Moderate
682,Moderate
683,Good
684,Poor
685,Poor
686,Moderate
687,Moderate
688,Moderate
689,Moderate
690,Moderate
691,Good
692,Moderate
693,Good
694,Good
695,Good
696,Moderate
697,Moderate
698,Moderate
699,Good
700,Good
701,Moderate
702,Good
703,Moderate
704,Poor
705,Moderate
706,Moderate
707,Moderate
708,Moderate
709,Good
710,Moderate
711,Good
712,Moderate
713,Moderate
714,Moderate
715,Moderate
716,Moderate
717,Moderate
718,Moderate
719,Moderate
720,Poor
721,Moderate
722,Poor
723,Good
724,Moderate
725,Moderate
726,Moderate
727,Good
728,Moderate
729,Poor
730,Good
731,Moderate
732,Moderate
733,Good
734,Good
735,Good
736,Good
737,Moderate
738,Moderate
739,Good
740,Good
741,Moderate
742,Good
743,Good
744,Good
745,Good
746,Good
747,Good
748,Moderate
749,Moderate
750,Poor
751,Good
752,Moderate
753,Moderate
754,Moderate
755,Moderate
756,Good
757,Good
758,Good
759,Moderate
760,Good
761,Good
762,Good
763,Good
764,High
765,Good
766,Good
767,Good
768,High
769,High
770,High
771,High
772,High
773,High
774,High
775,Good
776,Good
777,Good
778,Good
779,Good
780,Good
781,Good
782,Good
783,Good
784,Good
785,Good
786,Good
787,Good
788,Good
789,Good
790,Poor
791,Poor
792,High
793,Good
794,Moderate
795,Good
796,High
797,Poor
798,Moderate
799,Good
800,Moderate
801,Good
802,Good
803,Good
804,Good
805,Good
806,Good
807,High
808,Good
809,Good
810,Good
811,Good
812,Moderate
813,Good
814,Good
815,Good
816,Good
817,High
818,Good
819,Moderate
820,Good
821,Good
822,Good
823,Moderate
824,Good
825,High
826,High
827,Good
828,High
829,High
830,High
831,High
832,High
833,High
834,High
835,High
836,High
837,High
838,Good
839,Good
840,High
841,High
842,Good
843,Good
844,High
845,Good
846,High
847,High
848,High
849,High
850,High
851,High
852,High
853,High
854,High
855,High
856,High
857,High
858,High
859,High
860,High
861,High
862,High
863,High
864,High
865,High
866,High
867,High
868,High
869,High
870,Good
871,High
872,High
873,High
874,High
875,Moderate
876,Moderate
877,Good
878,High
879,High
880,Good
881,High
882,High
883,High
884,High
885,High
886,Good
887,Good
888,Good
889,High
890,High
891,High
892,High
893,High
894,High
895,Good
896,Good
897,Good
898,Good
899,Moderate
900,Moderate
901,Good
902,Good
903,Good
904,Good
905,Good
906,Good
907,High
908,Good
909,Good
910,Good
911,Good
912,Good
913,Good
914,Good
915,Good
916,Good
917,Good
918,Moderate
919,Good
920,Good
921,Good
922,Good
923,Good
924,Good
925,High
926,High
927,Poor
928,Good
929,Good
930,Good
931,Good
932,Good
933,Good
934,High
935,High
936,High
937,Moderate
938,Good
939,Good
940,Good
941,Moderate
942,Good
943,High
944,Good
945,Good
946,Good
947,Good
948,High
949,High
950,High
951,Good
952,Moderate
953,Good
954,Moderate
955,High
956,High
957,High
958,Good
959,Good
960,High
961,High
962,High
963,High
964,High
965,Good
966,High
967,Good
968,High
969,High
970,Good
971,Good
972,High
973,High
974,High
975,High
976,Good
977,Good
978,Moderate
979,Moderate
980,Good
981,Moderate
982,High
983,High
984,Good
985,Moderate
986,Moderate
987,Moderate
988,Moderate
989,Good
990,Good
991,Good
992,Good
993,Moderate
994,Good
995,Good
996,Good
997,Good
998,Moderate
999,Moderate
1000,Moderate
1001,Good
1002,Moderate
1003,Good
1004,Good
1005,Moderate
1006,Good
1007,Good
1008,Good
1009,High
1010,Good
1011,Good
1012,Good
1013,Good
1014,Good
1015,High
1016,Good
1017,High
1018,High
1019,Good
1020,High
1021,High
1022,Good
1023,High
1024,Good
1025,Good
1026,Moderate
1027,Good
1028,High
1029,Good
1030,Moderate
1031,High
1032,Good
1033,Moderate
1034,Good
1035,Moderate
1036,High
1037,High
1038,High
1039,Good
1040,Good
1041,Moderate
1042,Moderate
1043,High
1044,Moderate
1045,Good
1046,Moderate
1047,Good
1048,Good
1049,Moderate
1050,Good
1051,High
1052,High
1053,High
1054,Good
1055,Good
1056,Good
1057,Moderate
1058,Moderate
1059,High
1060,Good
1061,Good
1062,Good
1063,Good
1064,Good
1065,Moderate
1066,Moderate
1067,High
1068,Good
1069,Good
1070,High
1071,High
1072,Moderate
1073,Good
1074,Good
1075,Good
1076,Good
1077,Good
1078,Moderate
1079,Moderate
1080,Moderate
1081,High
1082,High
1083,Moderate
1084,Good
1085,Good
1086,High
1087,Good
1088,Good
1089,High
1090,High
1091,Moderate
1092,Good
1093,Good
1094,High
1095,High
1096,Good
1097,Moderate
1098,Moderate
1099,Good
1100,Good
1101,High
1102,Good
1103,Good
1104,Moderate
1105,Good
1106,Good
1107,High
1108,Good
1109,Good
1110,Good
1111,Good
1112,Moderate
1113,Good
1114,Good
1115,High
1116,Good
1117,High
1118,High
1119,Moderate
1120,Good
1121,Good
1122,High
1123,Good
1124,Good
1125,Good
1126,Good
1127,Good
1128,Good
1129,Good
1130,High
1131,Good
1132,Good
1133,Good
1134,Good
1135,Good
1136,Good
1137,Good
1138,Moderate
1139,Good
1140,Good
1141,Good
1142,Moderate
1143,Good
1144,High
1145,Good
1146,High
1147,Good
1148,Good
1149,Good
1150,Good
1151,High
1152,Good
1153,Moderate
1154,Good
1155,Good
1156,Poor
1157,Poor
1158,Poor
1159,Moderate
1160,Moderate
1161,Moderate
1162,Good
1163,Good
1164,Moderate
1165,Good
1166,Good
1167,Good
1168,Good
1169,Good
1170,Good
1171,Moderate
1172,High
1173,Good
1174,Good
1175,Good
1176,Good
1177,Good
1178,High
1179,High
1180,Moderate
1181,Moderate
1182,Good
1183,High
1184,High
1185,Good
1186,Good
1187,Good
1188,Good
1189,Good
1190,Good
1191,Good
1192,Good
1193,Good
1194,Moderate
1195,Moderate
1196,Moderate
1197,Good
1198,Moderate
1199,Good
1200,Good
1201,Good
1202,Moderate
1203,Moderate
1204,Good
1205,Good
1206,Good
1207,Good
1208,Moderate
1209,Good
1210,Good
1211,Good
1212,High
1213,High
1214,Moderate
1215,Good
1216,Moderate
1217,Good
1218,Good
1219,Moderate
1220,Good
1221,Good
1222,Moderate
1223,Good
1224,Moderate
1225,Good
1226,Good
1227,High
1228,Good
1229,Moderate
1230,Moderate
1231,Moderate
1232,Good
1233,Moderate
1234,Moderate
1235,Moderate
1236,Good
1237,Moderate
1238,Good
1239,Good
1240,Moderate
1241,Good
1242,Moderate
1243,Moderate
1244,Moderate
1245,Good
1246,Good
1247,Good
1248,Good
1249,Good
1250,Good
1251,Moderate
1252,Moderate
1253,Moderate
1254,Moderate
1255,Moderate
1256,Moderate
1257,Good
1258,Moderate
1259,Moderate
1260,Good
1261,Poor
1262,Poor
1263,Good
1264,Moderate
1265,Moderate
1266,High
1267,High
1268,High
1269,High
1270,Good
1271,Good
1272,High
1273,Good
1274,High
1275,High
1276,Good
1277,Good
1278,Good
1279,High
1280,Good
1281,Good
1282,High
1283,Good
1284,Good
1285,Good
1286,Good
1287,High
1288,High
1289,High
1290,High
1291,High
1292,Good
1293,Good
1294,High
1295,Good
1296,Good
1297,Good
1298,High
1299,Good
1300,Good
1301,Good
1302,Poor
1303,Good
1304,Good
1305,Good
1306,Good
1307,Good
1308,Good
1309,Good
1310,Good
1311,Good
1312,Good
1313,Good
1314,Good
1315,Good
1316,Good
1317,Moderate
1318,Poor
1319,Good
1320,Good
1321,Moderate
1322,Good
1323,Good
1324,Good
1325,Good
1326,Good
1327,Good
1328,Good
1329,Good
1330,Good
1331,High
1332,Good
1333,Good
1334,Poor
1335,Moderate
1336,High
1337,Good
1338,Good
1339,Good
1340,Good
1341,Good
1342,Good
1343,Good
1344,Moderate
1345,Moderate
1346,Good
1347,Moderate
1348,Good
1349,Good
1350,Moderate
1351,Good
1352,Good
1353,Moderate
1354,Moderate
1355,Good
1356,Good
1357,Moderate
1358,Moderate
1359,Moderate
1360,Moderate
1361,Moderate
1362,Good
1363,Moderate
1364,Moderate
1365,Moderate
1366,Moderate
1367,Good
1368,Moderate
1369,Good
1370,Good
1371,Good
1372,Good
1373,Good
1374,Good
1375,Good
1376,Moderate
1377,Good
1378,Good
1379,Good
1380,Good
1381,Good
1382,Good
1383,Good
1384,Good
1385,Moderate
1386,Good
1387,Good
1388,Good
1389,Good
1390,Moderate
1391,Moderate
1392,Moderate
1393,Moderate
1394,Good
1395,Good
1396,Good
1397,Good
1398,Good
1399,Good
1400,Good
1401,Good
1402,Moderate
1403,Good
1404,Good
1405,Good
1406,Good
1407,Good
1408,Good
1409,Moderate
1410,Moderate
1411,Good
1412,Good
1413,Good
1414,Moderate
1415,Moderate
1416,Good
1417,Moderate
1418,Moderate
1419,Moderate
1420,Good
1421,Moderate
1422,Moderate
1423,Good
1424,Good
1425,Good
1426,Good
1427,Poor
1428,Good
1429,Good
1430,Good
1431,Good
1432,Good
1433,Good
1434,Good
1435,Good
1436,Good
1437,Good
1438,Good
1439,Good
1440,Good
1441,High
1442,Moderate
1443,Moderate
1444,Poor
1445,Good
1446,Good
1447,Good
1448,Moderate
1449,Moderate
1450,Moderate
1451,Moderate
1452,Good
1453,Good
1454,Good
1455,Good
1456,Moderate
1457,Good
1458,Good
1459,High
1460,Good
1461,Good
1462,Good
1463,Good
1464,High
1465,Good
1466,Good
1467,Good
1468,Good
1469,Good
1470,Good
1471,Moderate
1472,Moderate
1473,Good
1474,Moderate
1475,Good
1476,Good
1477,Moderate
1478,Good
1479,Good
1480,Moderate
1481,Good
1482,Good
1483,Moderate
1484,Moderate
1485,Good
1486,Good
1487,Good
1488,Good
1489,Moderate
1490,Moderate
1491,Good
1492,Good
1493,Good
1494,Moderate
1495,Good
1496,Good
1497,Moderate
1498,High
1499,Good
1500,Good
1501,Good
1502,Good
1503,Moderate
1504,Good
1505,Moderate
1506,Good
1507,Good
1508,Good
1509,Good
1510,High
1511,Moderate
1512,Good
1513,High
1514,Moderate
1515,Moderate
1516,Good
1517,Good
1518,Good
1519,Good
1520,Good
1521,Good
1522,Good
1523,Good
1524,Good
1525,Good
1526,Good
1527,Good
1528,Good
1529,Good
1530,Good
1531,Moderate
1532,Good
1533,Good
1534,Moderate
1535,Good
1536,Moderate
1537,Good
1538,Good
1539,Good
1540,Good
1541,High
1542,Good
1543,Good
1544,Moderate
1545,Good
1546,Good
1547,Moderate
1548,Good
1549,Good
1550,Moderate
1551,Poor
1552,Moderate
1553,Moderate
1554,Good
1555,Good
1556,Good
1557,High
1558,Good
1559,Good
1560,Moderate
1561,Moderate
1562,Good
1563,Moderate
1564,Good
1565,Good
1566,Good
1567,Moderate
1568,Good
1569,Good
1570,Moderate
1571,Good
1572,Good
1573,Good
1574,Good
1575,Good
1576,Good
1577,Good
1578,Poor
1579,Good
1580,Moderate
1581,Good
1582,Good
1583,Moderate
1584,Moderate
1585,Moderate
1586,High
1587,High
1588,Good
1589,Moderate
1590,Moderate
1591,Good
1592,Good
1593,Moderate
1594,Good
1595,Good
1596,Moderate
1597,Moderate
1598,Moderate
1599,Good
1600,Moderate
1601,Good
1602,Good
1603,Good
1604,Good
1605,Moderate
1606,Good
1607,Moderate
1608,Moderate
1609,Good
1610,Good
1611,Good
1612,Good
1613,Good
1614,Good
1615,Good
1616,Good
1617,Good
1618,Moderate
1619,Moderate
1620,Moderate
1621,High
1622,Good
1623,Poor
1624,Good
1625,Moderate
1626,Good
1627,Good
1628,Good
1629,Good
1630,Good
1631,Good
1632,Good
1633,Good
1634,Good
1635,Good
1636,Moderate
1637,Good
1638,Moderate
1639,Moderate
1640,Good
1641,Good
1642,Good
1643,Good
1644,Good
1645,Good
1646,Good
1647,Moderate
1648,Moderate
1649,Good
1650,Good
1651,Good
1652,Good
1653,Good
1654,Good
1655,Good
1656,Good
1657,Good
1658,Good
1659,Good
1660,Good
1661,High
1662,Good
1663,Good
1664,Good
1665,Good
1666,Good
1667,Good
1668,Good
1669,Moderate
1670,Good
1671,Good
1672,Good
1673,Good
1674,Good
1675,Good
1676,Good
1677,Good
1678,High
1679,Good
1680,Good
1681,Moderate
1682,Moderate
1683,Good
1684,Good
1685,Good
1686,Good
1687,Good
1688,Good
1689,Good
1690,Moderate
1691,Moderate
1692,Moderate
1693,Good
1694,Good
1695,Good
1696,Good
1697,Good
1698,High
1699,Good
1700,Good
1701,Good
1702,Moderate
1703,Moderate
1704,Good
1705,Moderate
1706,Good
1707,Good
1708,Good
1709,Good
1710,Good
1711,Good
1712,Good
1713,Poor
1714,Moderate
1715,Good
1716,Good
1717,Good
1718,Good
1719,Good
1720,Good
1721,Good
1722,Good
1723,Good
1724,Good
1725,Good
1726,Good
1727,Moderate
1728,Good
1729,Good
1730,High
1731,Moderate
1732,Good
1733,Moderate
1734,Good
1735,Good
1736,Good
1737,High
1738,Good
1739,Good
1740,Moderate
1741,Moderate
1742,Good
1743,Moderate
1744,Moderate
1745,Good
1746,Good
1747,Good
1748,Good
1749,Moderate
1750,Moderate
1751,Moderate
1752,Moderate
1753,Good
1754,Moderate
1755,High
1756,Moderate
1757,Moderate
1758,Moderate
1759,Moderate
1760,Moderate
1761,Moderate
1762,Moderate
1763,Moderate
1764,Moderate
1765,Moderate
1766,Moderate
1767,Moderate
1768,Poor
1769,Moderate
1770,Moderate
1771,Moderate
1772,Moderate
1773,Moderate
1774,Good
1775,Good
1776,Good
1777,Good
1778,Moderate
1779,High
1780,Good
1781,Good
1782,Good
1783,Good
1784,High
1785,Good
1786,High
1787,Poor
1788,Good
1789,Good
1790,Good
1791,Bad
1792,Poor
1793,Poor
1794,Moderate
1795,Poor
1796,Good
1797,High
1798,Good
1799,Good
1800,Good
1801,Good
1802,Moderate
1803,Good
1804,Moderate
1805,Good
1806,Moderate
1807,High
1808,Moderate
1809,Poor
1810,High
1811,Good
1812,Good
1813,Good
1814,Good
1815,High
1816,Good
1817,Moderate
1818,Good
1819,Moderate
1820,Good
1821,Good
1822,Good
1823,Good
1824,Good
1825,Moderate
1826,Moderate
1827,Moderate
1828,High
1829,Good
1830,Good
1831,Good
1832,Good
1833,Good
1834,Good
1835,Poor
1836,Good
1837,Moderate
1838,Moderate
1839,Good
1840,Good
1841,Moderate
1842,Moderate
1843,Good
1844,Good
1845,Good
1846,Good
1847,Moderate
1848,Good
1849,Moderate
1850,Good
1851,Moderate
1852,Good
1853,Good
1854,Good
1855,Good
1856,Moderate
1857,Good
1858,Good
1859,Moderate
1860,Good
1861,Good
1862,Good
1863,Good
1864,Good
1865,Moderate
1866,Good
1867,Good
1868,Good
1869,Moderate
1870,Good
1871,Moderate
1872,Good
1873,Moderate
1874,Good
1875,Good
1876,Moderate
1877,Moderate
1878,Moderate
1879,Good
1880,Moderate
1881,Good
1882,Moderate
1883,Moderate
1884,Moderate
1885,Moderate
1886,Good
1887,Good
1888,Good
1889,Good
1890,Good
1891,Moderate
1892,Good
1893,Good
1894,Poor
1895,Poor
1896,Good
1897,Moderate
1898,High
1899,Good
1900,Moderate
1901,Moderate
1902,Good
1903,Good
1904,Good
1905,Moderate
1906,Good
1907,Moderate
1908,Good
1909,High
1910,High
1911,Moderate
1912,Good
1913,Good
1914,Good
1915,Moderate
1916,Good
1917,Moderate
1918,Good
1919,Good
1920,Moderate
1921,Moderate
1922,Moderate
1923,Good
1924,Moderate
1925,Good
1926,Good
1927,Good
1928,Good
1929,Good
1930,Good
1931,Good
1932,Moderate
1933,Good
1934,High
1935,Moderate
1936,Moderate
1937,Moderate
1938,Good
1939,Moderate
1940,Good
1941,Good
1942,Moderate
1943,Good
1944,Good
1945,Good
1946,Moderate
1947,Good
1948,Good
1949,Good
1950,Moderate
1951,Good
1952,Moderate
1953,Good
1954,Good
1955,Good
1956,Moderate
1957,Moderate
1958,Good
1959,Good
1960,Good
1961,Moderate
1962,Good
1963,Moderate
1964,Good
1965,Good
1966,Good
1967,Moderate
1968,Good
1969,Good
1970,Good
1971,Good
1972,Moderate
1973,Moderate
1974,Good
1975,Good
1976,Good
1977,Good
1978,Moderate
1979,Good
1980,Moderate
1981,Good
1982,Good
1983,Good
1984,Good
1985,Good
1986,Good
1987,High
1988,Good
1989,Good
1990,Good
1991,Good
1992,Good
1993,High
1994,Good
1995,Good
1996,Moderate
1997,Good
1998,Moderate
1999,Good
2000,Good
2001,High
2002,Good
2003,Good
2004,Good
2005,Good
2006,Moderate
2007,Moderate
2008,Good
2009,Good
2010,Moderate
2011,Good
2012,Good
2013,Moderate
2014,Good
2015,Good
2016,Good
2017,Moderate
2018,Moderate
2019,Good
2020,High
2021,Good
2022,Good
2023,Good
2024,Good
2025,Moderate
2026,Good
2027,Good
2028,Poor
2029,Moderate
2030,Good
2031,Good
2032,High
2033,High
2034,Good
2035,Good
2036,Moderate
2037,Moderate
2038,Moderate
2039,Good
2040,Good
2041,Good
2042,Good
2043,Moderate
2044,Good
2045,Moderate
2046,Good
2047,Poor
2048,Good
2049,Moderate
2050,Moderate
2051,Good
2052,Good
2053,Good
2054,Moderate
2055,Good
2056,Moderate
2057,High
2058,Good
2059,High
2060,Good
2061,Good
2062,Moderate
2063,Moderate
2064,Moderate
2065,High
2066,Good
2067,High
2068,High
2069,Moderate
2070,Good
2071,Good
2072,Good
2073,Moderate
2074,Moderate
2075,Good
2076,High
2077,Good
2078,Good
2079,Good
2080,Good
2081,Moderate
2082,Moderate
2083,Good
2084,Good
2085,Poor
2086,Poor
2087,Poor
2088,Good
2089,Good
2090,Good
2091,Good
2092,Good
2093,High
2094,Good
2095,Good
2096,Good
2097,Moderate
2098,Good
2099,Good
2100,Moderate
2101,Good
2102,Good
2103,Good
2104,Good
2105,Good
2106,Good
2107,Moderate
2108,Good
2109,Moderate
2110,Good
2111,Good
2112,Good
2113,Good
2114,Good
2115,Good
2116,Good
2117,Good
2118,Good
2119,Good
2120,High
2121,Moderate
2122,Good
2123,Good
2124,High
2125,Good
2126,Good
2127,Good
2128,Moderate
2129,Good
2130,Good
2131,High
2132,High
2133,High
2134,Good
2135,Good
2136,Good
2137,Good
2138,Good
2139,Good
2140,Moderate
2141,Good
2142,Good
2143,Good
2144,Good
2145,Moderate
2146,Moderate
2147,Good
2148,Good
2149,High
2150,High
2151,Good
2152,Good
2153,High
2154,High
2155,Good
2156,Good
2157,Good
2158,Moderate
2159,Good
2160,Good
2161,Good
2162,High
2163,Good
2164,Good
2165,Moderate
2166,Good
2167,Good
2168,Good
2169,Good
2170,Good
2171,Good
2172,High
2173,High
2174,Good
2175,Good
2176,High
2177,Moderate
2178,Good
2179,High
2180,Moderate
2181,Moderate
2182,Moderate
2183,Good
2184,Moderate
2185,Good
2186,Good
2187,Poor
2188,Good
2189,Good
2190,Good
2191,Moderate
2192,Moderate
2193,Good
2194,Good
2195,Moderate
2196,Good
2197,High
2198,High
2199,Good
2200,High
2201,High
2202,Good
2203,Good
2204,Good
2205,Good
2206,Good
2207,Moderate
2208,Moderate
2209,Moderate
2210,Good
2211,Good
2212,Good
2213,Moderate
2214,Good
2215,Good
2216,Moderate
2217,High
2218,Good
2219,Good
2220,Good
2221,Good
2222,High
2223,High
2224,Good
2225,High
2226,Moderate
2227,High
2228,Good
2229,Moderate
2230,Good
2231,High
2232,Good
2233,Moderate
2234,Good
2235,High
2236,Moderate
2237,High
2238,Good
2239,High
2240,Good
2241,High
2242,Good
2243,High
2244,Good
2245,Good
2246,Good
2247,High
2248,High
2249,Good
2250,Poor
2251,Poor
2252,Moderate
2253,Moderate
2254,Good
2255,Moderate
2256,Moderate
2257,Moderate
2258,Moderate
2259,Bad
2260,Poor
2261,Moderate
2262,Good
2263,Good
2264,Good
2265,Bad
2266,Good
2267,High
2268,High
2269,High
2270,Moderate
2271,Poor
2272,Moderate
2273,Moderate
2274,Poor
2275,Bad
2276,Moderate
2277,Poor
2278,Poor
2279,Poor
2280,Moderate
2281,Moderate
2282,Moderate
2283,Moderate
2284,Moderate
2285,Moderate
2286,Moderate
2287,Moderate
2288,Poor
2289,High
2290,Good
2291,Good
2292,Moderate
2293,Moderate
2294,Moderate
2295,Moderate
2296,Moderate
2297,Moderate
2298,Good
2299,Poor
2300,Moderate
2301,Moderate
2302,Moderate
2303,Moderate
2304,Moderate
2305,Poor
2306,Moderate
2307,Moderate
2308,Moderate
2309,Poor
2310,Moderate
2311,Poor
2312,Bad
2313,Moderate
2314,Poor
2315,Poor
2316,Bad
2317,Poor
2318,Poor
2319,Poor
2320,Moderate
2321,Moderate
2322,Moderate
2323,Poor
2324,Moderate
2325,Good
2326,Good
2327,High
2328,High
2329,High
2330,Good
2331,High
2332,High
2333,Good
2334,High
2335,High
2336,High
2337,Good
2338,Good
2339,High
2340,High
2341,Good
2342,High
2343,Moderate
2344,High
2345,Moderate
2346,Good
2347,Good
2348,Moderate
2349,Moderate
2350,Moderate
2351,High
2352,High
2353,Moderate
2354,Good
2355,Moderate
2356,Moderate
2357,Good
2358,Good
2359,Moderate
2360,Moderate
2361,Moderate
2362,Moderate
2363,Moderate
2364,Moderate
2365,Good
2366,Good
2367,Moderate
2368,Moderate
2369,Moderate
2370,Poor
2371,Moderate
2372,Moderate
2373,Moderate
2374,Moderate
2375,Moderate
2376,Good
2377,Moderate
2378,Good
2379,Moderate
2380,Moderate
2381,Moderate
2382,Good
2383,Moderate
2384,Moderate
2385,Moderate
2386,Moderate
2387,Moderate
2388,Moderate
2389,Moderate
2390,Moderate
2391,Moderate
2392,Poor
2393,Moderate
2394,Moderate
2395,Good
2396,Moderate
2397,Moderate
2398,Poor
2399,Good
2400,Moderate
2401,High
2402,Good
2403,Moderate
2404,Moderate
2405,Moderate
2406,Moderate
2407,Poor
2408,Moderate
2409,Moderate
2410,High
2411,Good
2412,Good
2413,Good
2414,Good
2415,Moderate
2416,Moderate
2417,Moderate
2418,Moderate
2419,Moderate
2420,Moderate
2421,Moderate
2422,Good
2423,Good
2424,Moderate
2425,High
2426,High
2427,High
2428,High
2429,Good
2430,Good
2431,Good
2432,High
2433,Good
2434,High
2435,Good
2436,Moderate
2437,Moderate
2438,Moderate
2439,Moderate
2440,Moderate
2441,Moderate
2442,Moderate
2443,Good
2444,Moderate
2445,Moderate
2446,Good
2447,Good
2448,Good
2449,Good
2450,Good
2451,Good
2452,Moderate
2453,Moderate
2454,Moderate
2455,Moderate
2456,Moderate
2457,Moderate
2458,Moderate
2459,Moderate
2460,Moderate
2461,Moderate
2462,High
2463,Moderate
2464,High
2465,Good
2466,Moderate
2467,Moderate
2468,Moderate
2469,Bad
2470,Poor
2471,Good
2472,Good
2473,Good
2474,High
2475,High
2476,High
2477,High
2478,High
2479,High
2480,High
2481,High
2482,High
2483,High
2484,High
2485,High
2486,High
2487,Good
2488,Moderate
2489,Good
2490,Moderate
2491,Poor
2492,Moderate
2493,Moderate
2494,Good
2495,Good
2496,Good
2497,Good
2498,Moderate
2499,Good
2500,High
2501,Moderate
2502,Moderate
2503,Moderate
2504,High
2505,High
2506,Good
2507,Good
2508,High
2509,High
2510,Good
2511,Good
2512,Good
2513,High
2514,High
2515,Good
2516,High
2517,High
2518,High
2519,High
2520,High
2521,High
2522,High
2523,High
2524,High
2525,High
2526,High
2527,High
2528,High
2529,High
2530,High
2531,High
2532,High
2533,Good
2534,High
2535,High
2536,Moderate
2537,Moderate
2538,Moderate
2539,Good
2540,High
2541,Good
2542,Good
2543,High
2544,Moderate
2545,Good
2546,Good
2547,High
2548,High
2549,Moderate
2550,Moderate
2551,Moderate
2552,Moderate
2553,Moderate
2554,Good
2555,Moderate
2556,Moderate
2557,Moderate
2558,Moderate
2559,Poor
2560,Good
2561,Good
2562,Moderate
2563,Good
2564,Good
2565,High
2566,Moderate
2567,Moderate
2568,Moderate
2569,Moderate
2570,Moderate
2571,Moderate
2572,Poor
2573,Moderate
2574,Moderate
2575,Moderate
2576,Poor
2577,Poor
2578,Good
2579,Moderate
2580,Moderate
2581,Moderate
2582,Moderate
2583,Moderate
2584,High
2585,Good
2586,Good
2587,Moderate
2588,Moderate
2589,Poor
2590,Poor
2591,High
2592,Good
2593,Moderate
2594,Moderate
2595,Moderate
2596,Moderate
2597,Moderate
2598,Good
2599,Moderate
2600,Moderate
2601,Moderate
2602,Poor
2603,High
2604,High
2605,Good
2606,Good
2607,Moderate
2608,Moderate
2609,Good
2610,Good
2611,High
2612,Good
2613,Good
2614,Good
2615,Good
2616,Good
2617,Good
2618,Good
2619,Moderate
2620,Good
2621,High
2622,Moderate
2623,Moderate
2624,Moderate
2625,Good
2626,Good
2627,Moderate
2628,Poor
2629,Good
2630,Good
2631,Moderate
2632,Moderate
2633,Moderate
2634,Good
2635,Good
2636,Moderate
2637,Poor
2638,Moderate
2639,Moderate
2640,Good
2641,Moderate
2642,Moderate
2643,Good
2644,Good
2645,Good
2646,Moderate
2647,Good
2648,Good
2649,Good
2650,Good
2651,Good
2652,Good
2653,Moderate
2654,Good
2655,Good
2656,Moderate
2657,Moderate
2658,Moderate
2659,Moderate
2660,Good
2661,Moderate
2662,Moderate
2663,High
2664,Moderate
2665,Moderate
2666,Moderate
2667,Good
2668,Moderate
2669,Moderate
2670,Moderate
2671,Good
2672,Good
2673,Moderate
2674,Moderate
2675,Moderate
2676,Moderate
2677,Moderate
2678,Moderate
2679,Moderate
2680,Good
2681,Moderate
2682,Good
2683,Good
2684,Moderate
2685,Poor
2686,Good
2687,Moderate
2688,Moderate
2689,Moderate
2690,Moderate
2691,Good
2692,Good
2693,Moderate
2694,Moderate
2695,Moderate
2696,Moderate
2697,Good
2698,Good
2699,Good
2700,Good
2701,Good
2702,Good
2703,Good
2704,Good
2705,Good
2706,Moderate
2707,Good
2708,Moderate
2709,Moderate
2710,Good
2711,Moderate
2712,Moderate
2713,Good
2714,Moderate
2715,Good
2716,Moderate
2717,Good
2718,Moderate
2719,Moderate
2720,Moderate
2721,Good
2722,Good
2723,Moderate
2724,Good
2725,Poor
2726,Good
2727,Good
2728,Moderate
2729,Moderate
2730,Moderate
2731,Good
2732,Good
2733,Moderate
2734,Moderate
2735,Good
2736,Good
2737,Moderate
2738,Moderate
2739,Good
2740,Moderate
2741,Moderate
2742,Moderate
2743,Moderate
2744,Good
2745,Good
2746,Moderate
2747,Moderate
2748,Moderate
2749,High
2750,Moderate
2751,Good
2752,Moderate
2753,Good
2754,Moderate
2755,Moderate
2756,Poor
2757,Moderate
2758,Moderate
2759,Good
2760,Moderate
2761,Poor
2762,Moderate
2763,Poor
2764,Moderate
2765,Moderate
2766,Moderate
2767,Moderate
2768,Moderate
2769,Moderate
2770,Moderate
2771,Moderate
2772,Moderate
2773,Moderate
2774,Moderate
2775,Moderate
2776,Moderate
2777,Moderate
2778,Moderate
2779,Moderate
2780,Good
2781,Moderate
2782,Moderate
2783,Moderate
2784,Moderate
2785,Moderate
2786,Moderate
2787,Moderate
2788,Moderate
2789,Poor
2790,Moderate
2791,Moderate
2792,Moderate
2793,Moderate
2794,Moderate
2795,Moderate
2796,Moderate
2797,High
2798,Good
2799,Moderate
2800,Moderate
2801,Moderate
2802,Moderate
2803,Good
2804,Moderate
2805,Moderate
2806,Moderate
2807,Moderate
2808,Moderate
2809,Poor
2810,Moderate
2811,Moderate
2812,Moderate
2813,Moderate
2814,Moderate
2815,Moderate
2816,Moderate
2817,Moderate
2818,Good
2819,Moderate
2820,Good
2821,Moderate
2822,Moderate
2823,Moderate
2824,Moderate
2825,Moderate
2826,Bad
2827,Moderate
2828,Moderate
2829,Moderate
2830,Moderate
2831,Moderate
2832,Good
2833,Good
2834,Good
2835,Good
2836,High
2837,Good
2838,Moderate
2839,Good
2840,Good
2841,Moderate
2842,Moderate
2843,Moderate
2844,Moderate
2845,Good
2846,Moderate
2847,Moderate
2848,Good
2849,Moderate
2850,Moderate
2851,Moderate
2852,Good
2853,Good
2854,Good
2855,Good
2856,Good
2857,Good
2858,High
2859,Good
2860,Moderate
2861,Moderate
2862,Good
2863,Moderate
2864,Good
2865,Good
2866,High
2867,Good
2868,Good
2869,Moderate
2870,Good
2871,Good
2872,Good
2873,Moderate
2874,Moderate
2875,Moderate
2876,Moderate
2877,Good
2878,Good
2879,Moderate
2880,Poor
2881,Moderate
2882,Moderate
2883,High
2884,Good
2885,Poor
2886,Good
2887,High
2888,High
2889,High
2890,High
2891,Moderate
2892,Good
2893,High
2894,High
2895,High
2896,Good
2897,Good
2898,Good
2899,Moderate
2900,Good
2901,High
2902,High
2903,High
2904,High
2905,Good
2906,Good
2907,High
2908,Good
2909,High
2910,Good
2911,High
2912,Good
2913,High
2914,High
2915,High
2916,Good
2917,Moderate
2918,High
2919,Good
2920,Moderate
2921,High
2922,Moderate
2923,High
2924,Moderate
2925,Good
2926,Good
2927,Good
2928,High
2929,Good
2930,Good
2931,Good
2932,Good
2933,Good
2934,High
2935,High
2936,High
2937,Good
2938,High
2939,Good
2940,Moderate
2941,High
2942,High
2943,Moderate
2944,Moderate
2945,Good
2946,Moderate
2947,Moderate
2948,Good
2949,Good
2950,Good
2951,Good
2952,Moderate
2953,High
2954,High
2955,Good
2956,High
2957,Moderate
2958,Moderate
2959,Good
2960,Good
2961,Moderate
2962,Good
2963,Poor
2964,Moderate
2965,Moderate
2966,Moderate
2967,Moderate
2968,Poor
2969,Good
2970,Good
2971,Poor
2972,Moderate
2973,Moderate
2974,Moderate
2975,Moderate
2976,Moderate
2977,Moderate
2978,Moderate
2979,Moderate
2980,Moderate
2981,Moderate
2982,Moderate
2983,Moderate
2984,Poor
2985,Good
2986,Moderate
2987,Moderate
2988,Moderate
2989,Moderate
2990,Good
2991,Moderate
2992,Poor
2993,Poor
2994,Moderate
2995,Good
2996,Moderate
2997,Moderate
2998,Moderate
2999,Moderate
3000,Moderate
3001,Moderate
3002,Moderate
3003,Moderate
3004,Moderate
3005,Moderate
3006,Moderate
3007,Moderate
3008,Good
3009,Moderate
3010,Moderate
3011,Moderate
3012,High
3013,Good
3014,Good
3015,High
3016,High
3017,High
3018,High
3019,High
3020,Moderate
3021,Moderate
3022,High
3023,Good
3024,Moderate
3025,Good
3026,High
3027,Moderate
3028,Good
3029,High
3030,Good
3031,Good
3032,High
3033,Good
3034,High
3035,High
3036,Moderate
3037,High
3038,High
3039,Moderate
3040,Moderate
3041,Moderate
3042,Moderate
3043,Good
3044,Good
3045,Moderate
3046,Moderate
3047,High
3048,High
3049,Moderate
3050,Moderate
3051,Poor
3052,Moderate
3053,Moderate
3054,Good
3055,Good
3056,Moderate
3057,Moderate
3058,Moderate
3059,Good
3060,
3061,Moderate
3062,Moderate
3063,Good
3064,Moderate
3065,Good
3066,Good
3067,Moderate
3068,Moderate
3069,Moderate
3070,Moderate
3071,Good
3072,Good
3073,Good
3074,Moderate
3075,Moderate
3076,Moderate
3077,Moderate
3078,Moderate
3079,Poor
3080,Moderate
3081,Moderate
3082,Moderate
3083,Moderate
3084,Moderate
3085,Moderate
3086,Moderate
3087,Moderate
3088,Poor
3089,Moderate
3090,Moderate
3091,Moderate
3092,Moderate
3093,Moderate
3094,Moderate
3095,Moderate
3096,Good
3097,Good
3098,Good
3099,Good
3100,High
3101,High
3102,High
3103,High
3104,High
3105,High
3106,High
3107,High
3108,High
3109,High
3110,Good
3111,Good
3112,Good
3113,Good
3114,Good
3115,Good
3116,High
3117,High
3118,High
3119,High
3120,High
3121,High
3122,High
3123,High
3124,High
3125,High
3126,High
3127,High
3128,High
3129,High
3130,High
3131,High
3132,Good
3133,High
3134,High
3135,High
3136,High
3137,High
3138,High
3139,High
3140,High
3141,High
3142,High
3143,High
3144,High
3145,High
3146,High
3147,Moderate
3148,Good
3149,Poor
3150,Good
3151,Moderate
3152,Good
3153,Moderate
3154,Moderate
3155,High
3156,High
3157,Good
3158,High
3159,High
3160,High
3161,High
3162,High
3163,High
3164,Good
3165,High
3166,Good
3167,Moderate
3168,Moderate
3169,High
3170,Good
3171,Good
3172,Good
3173,High
3174,Good
3175,High
3176,Moderate
3177,Good
3178,Moderate
3179,High
3180,High
3181,Good
3182,Good
3183,Good
3184,Moderate
3185,Good
3186,High
3187,Poor
3188,Poor
3189,Moderate
3190,Moderate
3191,Moderate
3192,Moderate
3193,Poor
3194,Moderate
3195,Bad
3196,Moderate
3197,Bad
3198,Poor
3199,Bad
3200,Moderate
3201,Moderate
3202,Poor
3203,Poor
3204,Good
3205,Good
3206,High
3207,Moderate
3208,High
3209,Moderate
3210,Good
3211,Good
3212,Poor
3213,High
3214,High
3215,Good
3216,Good
3217,Moderate
3218,Good
3219,Moderate
3220,High
3221,Good
3222,Moderate
3223,Moderate
3224,High
3225,Good
3226,Poor
3227,Bad
3228,Moderate
3229,Moderate
3230,Moderate
3231,Moderate
3232,High
3233,Moderate
3234,Good
3235,Poor
3236,Moderate
3237,High
3238,High
3239,Moderate
3240,Moderate
3241,Good
3242,Good
3243,High
3244,Moderate
3245,Moderate
3246,High
3247,Moderate
3248,Good
3249,Moderate
3250,Good
3251,High
3252,High
3253,Moderate
3254,High
3255,Good
3256,High
3257,High
3258,Good
3259,High
3260,Moderate
3261,High
3262,Moderate
3263,Good
3264,Poor
3265,Good
3266,High
3267,High
3268,High
3269,Good
3270,Good
3271,Good
3272,Good
3273,High
3274,High
3275,Moderate
3276,Good
3277,Good
3278,Good
3279,Moderate
3280,Moderate
3281,Good
3282,Good
3283,Moderate
3284,Moderate
3285,Moderate
3286,High
3287,Good
3288,Moderate
3289,Poor
3290,High
3291,High
3292,Poor
3293,Moderate
3294,Poor
3295,Moderate
3296,Moderate
3297,Moderate
3298,Moderate
3299,Moderate
3300,Poor
3301,Moderate
3302,Good
3303,Poor
3304,Poor
3305,Good
3306,Moderate
3307,Poor
3308,Moderate
3309,Good
3310,Good
3311,Good
3312,Poor
3313,Good
3314,High
3315,Good
3316,Moderate
3317,Moderate
3318,Good
3319,Moderate
3320,High
3321,Moderate
3322,Good
3323,Good
3324,Moderate
3325,Poor
3326,Moderate
3327,Moderate
3328,Poor
3329,Moderate
3330,Moderate
3331,Good
3332,Good
3333,Good
3334,High
3335,Good
3336,Good
3337,High
3338,High
3339,Good
3340,High
3341,Good
3342,Good
3343,Good
3344,High
3345,High
3346,High
3347,High
3348,Good
3349,Good
3350,Good
3351,Good
3352,Moderate
3353,Good
3354,Moderate
3355,Good
3356,Moderate
3357,Good
3358,Moderate
3359,Moderate
3360,Moderate
3361,High
3362,High
3363,High
3364,High
3365,High
3366,High
3367,High
3368,High
3369,High
3370,High
3371,High
3372,High
3373,High
3374,Good
3375,Moderate
3376,High
3377,Good
3378,High
3379,Good
3380,Good
3381,High
3382,High
3383,High
3384,High
3385,High
3386,High
3387,High
3388,Moderate
3389,Moderate
3390,Poor
3391,Moderate
3392,Moderate
3393,Moderate
3394,Moderate
3395,Poor
3396,Poor
3397,Moderate
3398,High
3399,Moderate
3400,High
3401,High
3402,High
3403,High
3404,High
3405,
3406,Moderate
3407,Good
3408,High
3409,Good
3410,High
3411,High
3412,High
3413,High
3414,High
3415,Moderate
3416,High
3417,High
3418,High
3419,High
3420,High
3421,Good
3422,High
3423,High
3424,High
3425,Good
3426,Moderate
3427,Moderate
3428,High
3429,Good
3430,Good
3431,High
3432,High
3433,High
3434,High
3435,High
3436,High
3437,High
3438,High
3439,High
3440,High
3441,High
3442,High
3443,Good
3444,Good
3445,Good
3446,High
3447,Good
3448,High
3449,High
3450,High
3451,High
3452,High
3453,High
3454,Moderate
3455,Good
3456,Moderate
3457,Moderate
3458,High
3459,High
3460,Moderate
3461,High
3462,High
3463,High
3464,Good
3465,Moderate
3466,Good
3467,Good
3468,High
3469,Good
3470,High
3471,Moderate
3472,Good
3473,Moderate
3474,Good
3475,Good
3476,Good
3477,High
3478,Good
3479,Moderate
3480,Good
3481,High
3482,High
3483,Moderate
3484,Moderate
3485,Moderate
3486,High
3487,Good
3488,Good
3489,High
3490,High
3491,High
3492,High
3493,High
3494,High
3495,High
3496,High
3497,High
3498,Moderate
3499,Moderate
3500,High
3501,High
3502,Good
3503,Good
3504,Good
3505,Good
3506,Moderate
3507,Good
3508,Moderate
3509,Good
3510,Good
3511,Good
3512,Good
3513,Moderate
3514,Moderate
3515,Moderate
3516,High
3517,High
3518,Good
3519,Moderate
3520,Moderate
3521,Moderate
3522,Moderate
3523,Poor
3524,Poor
3525,Moderate
3526,Good
3527,Moderate
3528,Moderate
3529,Moderate
3530,Good
3531,Moderate
3532,Moderate
3533,Moderate
3534,Moderate
3535,Moderate
3536,Moderate
3537,Good
3538,Moderate
3539,Good
3540,Good
3541,Moderate
3542,Moderate
3543,Moderate
3544,Good
3545,High
3546,High
3547,Good
3548,Good
3549,Good
3550,Good
3551,Good
3552,Good
3553,Good
3554,Good
3555,Good
3556,Moderate
3557,Good
3558,Good
3559,High
3560,High
3561,Good
3562,Good
3563,Good
3564,Good
3565,High
3566,Moderate
3567,Moderate
3568,Poor
3569,High
3570,Poor
3571,Good
3572,Good
3573,Moderate
3574,Moderate
3575,Moderate
3576,Moderate
3577,Good
3578,Good
3579,High
3580,Good
3581,Moderate
3582,Moderate
3583,Moderate
3584,Moderate
3585,High
3586,Moderate
3587,High
3588,High
3589,High
3590,Good
3591,Moderate
3592,Good
3593,High
3594,High
3595,Good
3596,Good
3597,Good
3598,Good
3599,Moderate
3600,High
3601,Good
3602,Moderate
3603,Moderate
3604,Poor
3605,Moderate
3606,Poor
3607,Moderate
3608,Moderate
3609,Moderate
3610,Moderate
3611,Moderate
3612,Moderate
3613,Poor
3614,Good
3615,Moderate
3616,Good
3617,Good
3618,Poor
3619,Poor
3620,Moderate
3621,Poor
3622,Moderate
3623,Moderate
3624,Good
3625,Poor
3626,Moderate
3627,Moderate
3628,Moderate
3629,Moderate
3630,Good
3631,Poor
3632,Poor
3633,Moderate
3634,Poor
3635,Moderate
3636,Good
3637,Good
3638,Good
3639,High
3640,High
3641,Good
3642,Moderate
3643,Moderate
3644,Moderate
3645,Moderate
3646,Bad
3647,Moderate
3648,Moderate
3649,Moderate
3650,Moderate
3651,Moderate
3652,Moderate
3653,Good
3654,Moderate
3655,Moderate
3656,Good
3657,Good
3658,Poor
3659,Poor
3660,Moderate
3661,Moderate
3662,Moderate
3663,Moderate
3664,Good
3665,Good
3666,High
3667,High
3668,High
3669,High
3670,High
3671,Good
3672,Good
3673,High
3674,High
3675,High
3676,High
3677,Good
3678,High
3679,Good
3680,Moderate
3681,Moderate
3682,Good
3683,Good
3684,High
3685,High
3686,High
3687,Moderate
3688,Moderate
3689,Moderate
3690,Good
3691,Moderate
3692,Good
3693,Moderate
3694,High
3695,High
3696,Good
3697,Moderate
3698,Good
3699,Moderate
3700,Good
3701,Moderate
3702,High
3703,Good
3704,Moderate
3705,Moderate
3706,Moderate
3707,Moderate
3708,High
3709,Moderate
3710,Moderate
3711,Good
3712,Moderate
3713,Moderate
3714,Moderate
3715,Moderate
3716,Moderate
3717,Poor
3718,Moderate
3719,Moderate
3720,Moderate
3721,Bad
3722,Poor
3723,High
3724,High
3725,High
3726,High
3727,Moderate
3728,Moderate
3729,Moderate
3730,Good
3731,Moderate
3732,Moderate
3733,Moderate
3734,Good
3735,Moderate
3736,High
3737,Poor
3738,Moderate
3739,Poor
3740,Moderate
3741,Poor
3742,Poor
3743,Moderate
3744,Moderate
3745,Poor
3746,Moderate
3747,Moderate
3748,Moderate
3749,Good
3750,Poor
3751,Moderate
3752,Moderate
3753,Moderate
3754,Poor
3755,Moderate
3756,Moderate
3757,Moderate
3758,Good
3759,Moderate
3760,Moderate
3761,Good
3762,Moderate
3763,Moderate
3764,Moderate
3765,Moderate
3766,Moderate
3767,Good
3768,Moderate
3769,Poor
3770,Moderate
3771,Poor
3772,Moderate
3773,Poor
3774,Moderate
3775,Moderate
3776,Poor
3777,Moderate
3778,Moderate
3779,Moderate
3780,Moderate
3781,Moderate
3782,High
3783,High
3784,Moderate
3785,Moderate
3786,Moderate
3787,Moderate
3788,Good
3789,Good
3790,Moderate
3791,Poor
3792,Moderate
3793,Moderate
3794,Moderate
3795,Poor
3796,Poor
3797,Good
3798,Moderate
3799,Good
3800,Good
3801,Good
3802,Moderate
3803,Good
3804,Good
3805,Moderate
3806,Good
3807,Moderate
3808,Moderate
3809,Bad
3810,Poor
3811,Good
3812,Poor
3813,Moderate
3814,Good
3815,Moderate
3816,Good
3817,Good
3818,Moderate
3819,Good
3820,Moderate
3821,Moderate
3822,Moderate
3823,Moderate
3824,Good
3825,Good
3826,Good
3827,Moderate
3828,Moderate
3829,Good
3830,Moderate
3831,Moderate
3832,Good
3833,Good
3834,Good
3835,Good
3836,High
3837,Moderate
3838,Moderate
3839,Moderate
3840,Good
3841,Good
3842,Moderate
3843,Moderate
3844,Moderate
3845,Moderate
3846,Good
3847,Good
3848,Moderate
3849,Good
3850,Moderate
3851,High
3852,Good
3853,High
3854,Good
3855,Good
3856,Moderate
3857,Moderate
3858,Good
3859,High
3860,High
3861,Good
3862,Moderate
3863,Good
3864,High
3865,Good
3866,Moderate
3867,Good
3868,Good
3869,Good
3870,Good
3871,High
3872,Good
3873,Good
3874,Good
3875,Good
3876,Good
3877,Good
3878,Good
3879,Good
3880,Good
3881,Good
3882,High
3883,Good
3884,Good
3885,Good
3886,Good
3887,Good
3888,Good
3889,High
3890,Good
3891,High
3892,Good
3893,Moderate
3894,Moderate
3895,Moderate
3896,Good
3897,Moderate
3898,Moderate
3899,Moderate
3900,Moderate
3901,Moderate
3902,Good
3903,Good
3904,High
3905,Moderate
3906,Good
3907,Good
3908,Good
3909,Good
3910,Moderate
3911,Good
3912,Good
3913,Moderate
3914,Moderate
3915,Moderate
3916,Good
3917,Good
3918,Good
3919,High
3920,Moderate
3921,Moderate
3922,Good
3923,Good
3924,Good
3925,Good
3926,High
3927,Bad
3928,Moderate
3929,Moderate
3930,Good
3931,Good
3932,Moderate
3933,Good
3934,Good
3935,Moderate
3936,Good
3937,Good
3938,Good
3939,Good
3940,Good
3941,Good
3942,Good
3943,Good
3944,Good
3945,Good
3946,Good
3947,Good
3948,Good
3949,Good
3950,Good
3951,High
3952,Moderate
3953,Good
3954,Moderate
3955,Good
3956,Good
3957,Good
3958,Good
3959,Good
3960,Good
3961,Good
3962,Moderate
3963,Good
3964,Good
3965,Good
3966,Moderate
3967,Good
3968,Good
3969,Good
3970,Moderate
3971,Good
3972,Good
3973,Good
3974,Moderate
3975,Good
3976,Poor
3977,Good
3978,Good
3979,Good
3980,Good
3981,Good
3982,Moderate
3983,Good
3984,Moderate
3985,Good
3986,Good
3987,Good
3988,Moderate
3989,Moderate
3990,Moderate
3991,Moderate
3992,Moderate
3993,Poor
3994,Moderate
3995,Poor
3996,Poor
3997,Moderate
3998,Good
3999,Good
4000,Good
4001,Good
4002,Moderate
4003,Good
4004,Moderate
4005,Moderate
4006,Good
4007,Good
4008,Moderate
4009,High
4010,Good
4011,Moderate
4012,Good
4013,Good
4014,Good
4015,Good
4016,Moderate
4017,Moderate
4018,Good
4019,High
4020,Moderate
4021,Moderate
4022,Good
4023,Moderate
4024,Good
4025,Good
4026,Good
4027,Moderate
4028,Moderate
4029,Good
4030,Good
4031,Good
4032,Moderate
4033,Good
4034,Good
4035,Moderate
4036,Moderate
4037,Moderate
4038,Good
4039,Good
4040,Moderate
4041,Moderate
4042,Moderate
4043,Moderate
4044,Good
4045,Moderate
4046,High
4047,High
4048,High
4049,Moderate
4050,High
4051,High
4052,Good
4053,High
4054,High
4055,Moderate
4056,Good
4057,Moderate
4058,Good
4059,Good
4060,Good
4061,Good
4062,Moderate
4063,Good
4064,Good
4065,Good
4066,Good
4067,Good
4068,Good
4069,Good
4070,Good
4071,Poor
4072,Good
4073,Good
4074,Poor
4075,Moderate
4076,Good
4077,Good
4078,Good
4079,Moderate
4080,Moderate
4081,Good
4082,Moderate
4083,Good
4084,Moderate
4085,High
4086,Good
4087,Good
4088,Good
4089,Good
4090,Good
4091,Poor
4092,Good
4093,Good
4094,Good
4095,Good
4096,Good
4097,Moderate
4098,Moderate
4099,Good
4100,Moderate
4101,Poor
4102,Good
4103,Good
4104,Good
4105,Moderate
4106,Good
4107,Good
4108,Good
4109,Good
4110,Good
4111,Good
4112,Moderate
4113,Moderate
4114,Good
4115,Good
4116,Good
4117,High
4118,High
4119,Good
4120,Good
4121,Good
4122,Good
4123,Good
4124,Good
4125,Good
4126,Good
4127,Poor
4128,Good
4129,Good
4130,Good
4131,Good
4132,Good
4133,Good
4134,Good
4135,Good
4136,Moderate
4137,Moderate
4138,Moderate
4139,Moderate
4140,Good
4141,Moderate
4142,Moderate
4143,Good
4144,Good
4145,Good
4146,High
4147,Moderate
4148,Good
4149,Good
4150,Good
4151,Good
4152,Good
4153,Good
4154,Good
4155,High
4156,Good
4157,Good
4158,Good
4159,Good
4160,Good
4161,Good
4162,Moderate
4163,Moderate
4164,Moderate
4165,Good
4166,Good
4167,Moderate
4168,Good
4169,Good
4170,Moderate
4171,Moderate
4172,Moderate
4173,Moderate
4174,Moderate
4175,Moderate
4176,Poor
4177,Moderate
4178,High
4179,Moderate
4180,Moderate
4181,Moderate
4182,High
4183,Moderate
4184,Good
4185,Moderate
4186,High
4187,Moderate
4188,Poor
4189,Good
4190,Good
4191,Good
4192,Good
4193,Moderate
4194,Moderate
4195,Good
4196,Good
4197,Moderate
4198,Moderate
4199,Moderate
4200,Moderate
4201,Moderate
4202,Moderate
4203,Moderate
4204,High
4205,Moderate
4206,Good
4207,Moderate
4208,Good
4209,Good
4210,High
4211,Good
4212,Good
4213,Good
4214,Good
4215,Good
4216,High
4217,Good
4218,High
4219,Moderate
4220,High
4221,Good
4222,Good
4223,High
4224,Moderate
4225,Moderate
4226,High
4227,High
4228,Good
4229,High
4230,High
4231,Good
4232,Moderate
4233,Good
4234,Moderate
4235,Moderate
4236,Moderate
4237,Good
4238,Good
4239,Good
4240,Good
4241,Moderate
4242,Good
4243,Moderate
4244,Good
4245,Good
4246,Good
4247,Good
4248,Good
4249,Good
4250,Moderate
4251,Good
4252,Good
4253,Good
4254,Good
4255,Poor
4256,Poor
4257,Good
4258,Good
4259,Good
4260,Moderate
4261,Good
4262,Moderate
4263,Good
4264,Good
4265,Good
4266,Good
4267,High
4268,Moderate
4269,Good
4270,Good
4271,Moderate
4272,Moderate
4273,Good
4274,Moderate
4275,Moderate
4276,Moderate
4277,Good
4278,Moderate
4279,High
4280,Good
4281,Moderate
4282,Poor
4283,Moderate
4284,Good
4285,Moderate
4286,Good
4287,Good
4288,Good
4289,Moderate
4290,Good
4291,Good
4292,Good
4293,Good
4294,Good
4295,Good
4296,Moderate
4297,Good
4298,Good
4299,Good
4300,Good
4301,Good
4302,Good
4303,Poor
4304,Poor
4305,Moderate
4306,Moderate
4307,Good
4308,Moderate
4309,Moderate
4310,Moderate
4311,Moderate
4312,Moderate
4313,Moderate
4314,Moderate
4315,Good
4316,Moderate
4317,Moderate
4318,Good
4319,Good
4320,Good
4321,High
4322,Moderate
4323,Moderate
4324,Moderate
4325,Good
4326,Moderate
4327,Moderate
4328,Moderate
4329,Moderate
4330,Moderate
4331,Moderate
4332,Moderate
4333,Good
4334,Moderate
4335,Good
4336,Good
4337,Good
4338,Good
4339,Good
4340,Moderate
4341,Moderate
4342,Good
4343,Good
4344,Good
4345,Good
4346,High
4347,High
4348,Good
4349,Good
4350,Good
4351,Moderate
4352,Moderate
4353,Good
4354,Good
4355,Good
4356,High
4357,Good
4358,Good
4359,Good
4360,High
4361,Moderate
4362,Good
4363,Good
4364,High
4365,Poor
4366,High
4367,High
4368,High
4369,Good
4370,High
4371,Good
4372,High
4373,High
4374,High
4375,High
4376,High
4377,High
4378,High
4379,High
4380,Moderate
4381,Good
4382,High
4383,Good
4384,Good
4385,High
4386,Good
4387,Moderate
4388,High
4389,Good
4390,High
4391,Good
4392,High
4393,Good
4394,Good
4395,High
4396,High
4397,Good
4398,Good
4399,High
4400,High
4401,High
4402,Good
4403,High
4404,Good
4405,Good
4406,High
4407,High
4408,Moderate
4409,Good
4410,Good
4411,Good
4412,Good
4413,Good
4414,Good
4415,Good
4416,Good
4417,High
4418,Moderate
4419,High
4420,Moderate
4421,Moderate
4422,High
4423,High
4424,High
4425,High
4426,High
4427,High
4428,High
4429,High
4430,High
4431,High
4432,Moderate
4433,Good
4434,Moderate
4435,Moderate
4436,Bad
4437,Moderate
4438,Good
4439,High
4440,High
4441,Good
4442,Moderate
4443,Good
4444,Good
4445,Good
4446,Good
4447,High
4448,Good
4449,Good
4450,Moderate
4451,Moderate
4452,High
4453,Moderate
4454,Good
4455,Poor
4456,Poor
4457,Moderate
4458,High
4459,High
4460,Good
4461,High
4462,High
4463,High
4464,Moderate
4465,High
4466,Good
4467,High
4468,Moderate
4469,Moderate
4470,Moderate
4471,Good
4472,Moderate
4473,Poor
4474,Good
4475,Good
4476,Moderate
4477,Moderate
4478,Good
4479,Moderate
4480,Good
4481,Good
4482,Moderate
4483,Moderate
4484,Moderate
4485,Good
4486,Moderate
4487,Good
4488,Good
4489,Good
4490,Moderate
4491,Moderate
4492,Moderate
4493,Moderate
4494,Moderate
4495,Poor
4496,Moderate
4497,Poor
4498,Moderate
4499,Moderate
4500,Poor
4501,Moderate
4502,Moderate
4503,Good
4504,Moderate
4505,Moderate
4506,Moderate
4507,Good
4508,High
4509,Good
4510,Good
4511,Good
4512,Good
4513,Moderate
4514,Good
4515,Moderate
4516,Moderate
4517,Moderate
4518,Moderate
4519,Moderate
4520,Good
4521,Moderate
4522,Moderate
4523,Moderate
4524,Moderate
4525,Moderate
4526,Moderate
4527,High
4528,High
4529,High
4530,High
4531,Moderate
4532,Poor
4533,Moderate
4534,Moderate
4535,Bad
4536,Poor
4537,Poor
4538,Moderate
4539,Moderate
4540,Moderate
4541,Moderate
4542,Moderate
4543,Good
4544,Moderate
4545,Good
4546,Good
4547,Moderate
4548,Good
4549,Good
4550,Good
4551,Moderate
4552,Moderate
4553,Moderate
4554,Moderate
4555,Moderate
4556,Moderate
4557,Poor
4558,Moderate
4559,Moderate
4560,Poor
4561,Moderate
4562,Moderate
4563,Good
4564,Moderate
4565,Good
4566,Good
4567,Good
4568,Good
4569,Good
4570,Good
4571,Good
4572,Moderate
4573,High
4574,High
4575,High
4576,Moderate
4577,Moderate
4578,Moderate
4579,Poor
4580,Good
4581,Good
4582,Good
4583,Good
4584,Good
4585,Good
4586,Good
4587,High
4588,High
4589,High
4590,High
4591,Good
4592,High
4593,High
4594,Good
4595,Good
4596,Moderate
4597,Good
4598,Good
4599,Good
4600,High
4601,
4602,High
4603,High
4604,High
4605,High
4606,High
4607,High
4608,High
4609,Good
4610,Good
4611,Moderate
4612,Moderate
4613,High
4614,Good
4615,High
4616,Good
4617,Good
4618,Good
4619,Good
4620,High
4621,Moderate
4622,Good
4623,High
4624,High
4625,Moderate
4626,Moderate
4627,Moderate
4628,Good
4629,Moderate
4630,Moderate
4631,Moderate
4632,Moderate
4633,High
4634,Poor
4635,Moderate
4636,Poor
4637,Good
4638,Good
4639,High
4640,Moderate
4641,Moderate
4642,Moderate
4643,Good
4644,Good
4645,Good
4646,Moderate
4647,Moderate
4648,Poor
4649,Good
4650,Good
4651,Good
4652,High
4653,Moderate
4654,Good
4655,Good
4656,Moderate
4657,Good
4658,Good
4659,Good
4660,High
4661,High
4662,Good
4663,Good
4664,Good
4665,Good
4666,Good
4667,Good
4668,Good
4669,Good
4670,Good
4671,Moderate
4672,Moderate
4673,Good
4674,Good
4675,Good
4676,High
4677,High
4678,Good
4679,Moderate
4680,Good
4681,High
4682,Good
4683,Good
4684,Moderate
4685,Good
4686,Good
4687,High
4688,Good
4689,Moderate
4690,Good
4691,Moderate
4692,Moderate
4693,Good
4694,High
4695,High
4696,High
4697,High
4698,Good
4699,Good
4700,Moderate
4701,Good
4702,Good
4703,High
4704,Moderate
4705,High
4706,Good
4707,High
4708,Good
4709,High
4710,Good
4711,High
4712,High
4713,High
4714,Moderate
4715,Good
4716,High
4717,High
4718,High
4719,Good
4720,High
4721,Good
4722,Good
4723,High
4724,Good
4725,Good
4726,Good
4727,Good
4728,Good
4729,Good
4730,Good
4731,Good
4732,Good
4733,High
4734,Good
4735,Good
4736,High
4737,High
4738,High
4739,High
4740,High
4741,High
4742,Moderate
4743,Good
4744,High
4745,Good
4746,Good
4747,Good
4748,Good
4749,Good
4750,Good
4751,High
4752,Good
4753,Moderate
4754,Good
4755,Good
4756,Moderate
4757,Good
4758,High
4759,Good
4760,Good
4761,Good
4762,High
4763,Good
4764,Moderate
4765,Good
4766,Good
4767,High
4768,Good
4769,Moderate
4770,Good
4771,High
4772,High
4773,High
4774,High
4775,High
4776,High
4777,High
4778,Good
4779,Moderate
4780,Moderate
4781,High
4782,Good
4783,Good
4784,High
4785,Good
4786,Moderate
4787,Good
4788,Good
4789,Good
4790,Good
4791,Moderate
4792,Moderate
4793,High
4794,Good
4795,Moderate
4796,Moderate
4797,Moderate
4798,Good
4799,High
4800,Moderate
4801,Good
4802,Moderate
4803,Good
4804,Good
4805,Good
4806,Good
4807,Good
4808,Moderate
4809,Moderate
4810,Moderate
4811,High
4812,Good
4813,High
4814,High
4815,High
4816,Good
4817,High
4818,Moderate
4819,High
4820,High
4821,High
4822,Moderate
4823,Poor
4824,Moderate
4825,Moderate
4826,Moderate
4827,High
4828,Good
4829,High
4830,Moderate
4831,Moderate
4832,High
4833,High
4834,Good
4835,Good
4836,Good
4837,High
4838,High
4839,High
4840,Good
4841,Good
4842,High
4843,High
4844,Good
4845,High
4846,High
4847,Good
4848,High
4849,High
4850,High
4851,Good
4852,High
4853,High
4854,High
4855,High
4856,High
4857,Good
4858,Good
4859,Good
4860,High
4861,Good
4862,Good
4863,High
4864,High
4865,High
4866,High
4867,Poor
4868,Good
4869,Moderate
4870,Good
4871,High
4872,High
4873,Good
4874,Good
4875,Moderate
4876,Good
4877,High
4878,Moderate
4879,Good
4880,High
4881,High
4882,High
4883,High
4884,High
4885,Good
4886,Bad
4887,Poor
4888,High
4889,High
4890,Moderate
4891,Moderate
4892,Poor
4893,Good
4894,Good
4895,High
4896,Moderate
4897,Moderate
4898,Poor
4899,Poor
4900,High
4901,Good
4902,Good
4903,High
4904,Good
4905,Moderate
4906,Moderate
4907,Moderate
4908,Moderate
4909,Moderate
4910,Moderate
4911,Moderate
4912,Moderate
4913,High
4914,Moderate
4915,Poor
4916,Poor
4917,Poor
4918,Moderate
4919,High
4920,High
4921,Good
4922,Good
4923,Moderate
4924,High
4925,Good
4926,Good
4927,Good
4928,Good
4929,High
4930,High
4931,Moderate
4932,High
4933,High
4934,Good
4935,Good
4936,Good
4937,Good
4938,Moderate
4939,High
4940,High
4941,High
4942,High
4943,High
4944,High
4945,High
4946,High
4947,High
4948,Good
4949,Moderate
4950,Good
4951,High
4952,High
4953,High
4954,High
4955,High
4956,High
4957,High
4958,High
4959,High
4960,High
4961,High
4962,High
4963,High
4964,High
4965,High
4966,High
4967,High
4968,Good
4969,High
4970,High
4971,High
4972,High
4973,High
4974,High
4975,High
4976,High
4977,High
4978,High
4979,High
4980,High
4981,High
4982,High
4983,Good
4984,Moderate
4985,High
4986,High
4987,Good
4988,High
4989,High
4990,High
4991,High
4992,High
4993,High
4994,High
4995,High
4996,High
4997,High
4998,High
4999,High
5000,Moderate
5001,High
5002,Good
5003,High
5004,High
5005,High
5006,High
5007,High
5008,Good
5009,High
5010,High
5011,High
5012,Moderate
5013,Good
5014,Good
5015,High
5016,Good
5017,Good
5018,Moderate
5019,Good
5020,High
5021,Good
5022,High
5023,High
5024,High
5025,High
5026,High
5027,High
5028,High
5029,High
5030,High
5031,High
5032,High
5033,High
5034,High
5035,High
5036,High
5037,High
5038,High
5039,Good
5040,Good
5041,Good
5042,High
5043,High
5044,High
5045,High
5046,High
5047,High
5048,High
5049,High
5050,High
5051,High
5052,High
5053,High
5054,High
5055,High
5056,Good
5057,High
5058,Good
5059,High
5060,High
5061,Good
5062,High
5063,High
5064,High
5065,Moderate
5066,Good
5067,Good
5068,Good
5069,Good
5070,High
5071,Good
5072,Moderate
5073,Moderate
5074,Good
5075,High
5076,Good
5077,Good
5078,High
5079,Moderate
5080,Good
5081,High
5082,Moderate
5083,Good
5084,Good
5085,High
5086,High
5087,High
5088,High
5089,High
5090,High
5091,High
5092,High
5093,Good
5094,High
5095,Good
5096,High
5097,High
5098,High
5099,High
5100,High
5101,Moderate
5102,High
5103,High
5104,High
5105,Moderate
5106,High
5107,High
5108,Good
5109,High
5110,High
5111,High
5112,High
5113,High
5114,High
5115,High
5116,High
5117,High
5118,High
5119,High
5120,High
5121,High
5122,High
5123,Good
5124,Good
5125,High
5126,High
5127,Good
5128,Good
5129,High
5130,High
5131,High
5132,High
5133,Moderate
5134,Moderate
5135,High
5136,Good
5137,High
5138,High
5139,High
5140,High
5141,Good
5142,Good
5143,High
5144,High
5145,High
5146,Good
5147,High
5148,High
5149,High
5150,High
5151,High
5152,Good
5153,High
5154,Good
5155,High
5156,High
5157,High
5158,High
5159,High
5160,High
5161,High
5162,High
5163,High
5164,High
5165,High
5166,High
5167,High
5168,High
5169,High
5170,Good
5171,High
5172,High
5173,Moderate
5174,Good
5175,High
5176,Good
5177,High
5178,Poor
5179,Bad
5180,High
5181,High
5182,High
5183,Good
5184,Good
5185,High
5186,High
5187,High
5188,High
5189,Good
5190,High
5191,High
5192,High
5193,High
5194,High
5195,High
5196,High
5197,High
5198,Good
5199,High
5200,High
5201,High
5202,High
5203,High
5204,High
5205,Good
5206,Moderate
5207,Good
5208,Good
5209,High
5210,High
5211,Good
5212,Good
5213,Moderate
5214,Good
5215,High
5216,Good
5217,Good
5218,Good
5219,Good
5220,Moderate
5221,Moderate
5222,High
5223,High
5224,Good
5225,High
5226,High
5227,Good
5228,Good
5229,Moderate
5230,Good
5231,Good
5232,Good
5233,High
5234,Good
5235,Good
5236,High
5237,High
5238,Good
5239,High
5240,High
5241,High
5242,High
5243,Moderate
5244,Good
5245,Good
5246,Good
5247,Good
5248,Good
5249,Good
5250,Good
5251,Good
5252,High
5253,Good
5254,Good
5255,Good
5256,Moderate
5257,Good
5258,Moderate
5259,Moderate
5260,High
5261,Good
5262,Good
5263,High
5264,High
5265,Good
5266,Good
5267,Moderate
5268,Moderate
5269,Moderate
5270,Moderate
5271,Moderate
5272,High
5273,Good
5274,Good
5275,High
5276,High
5277,Good
5278,Good
5279,Good
5280,Good
5281,Good
5282,Good
5283,Good
5284,Moderate
5285,Moderate
5286,Moderate
5287,Moderate
5288,Moderate
5289,Poor
5290,Moderate
5291,High
5292,High
5293,High
5294,Good
5295,Good
5296,Good
5297,Good
5298,High
5299,High
5300,Good
5301,Good
5302,High
5303,Moderate
5304,Moderate
5305,Good
5306,Good
5307,High
5308,High
5309,High
5310,High
5311,Good
5312,High
5313,High
5314,High
5315,Good
5316,Moderate
5317,Poor
5318,Poor
5319,High
5320,High
5321,Good
5322,High
5323,Good
5324,Moderate
5325,High
5326,High
5327,Moderate
5328,Moderate
5329,Poor
5330,Moderate
5331,Moderate
5332,Good
5333,Moderate
5334,Moderate
5335,Moderate
5336,Good
5337,Poor
5338,Poor
5339,High
5340,Good
5341,Good
5342,High
5343,Good
5344,Good
5345,Poor
5346,Good
5347,Good
5348,Good
5349,Moderate
5350,High
5351,High
5352,Poor
5353,Moderate
5354,High
5355,Moderate
5356,Moderate
5357,Good
5358,Good
5359,Good
5360,Moderate
5361,Good
5362,Good
5363,Moderate
5364,Moderate
5365,Good
5366,Good
5367,Poor
5368,High
5369,High
5370,Moderate
5371,Poor
5372,High
5373,Good
5374,Poor
5375,Moderate
5376,Poor
5377,Moderate
5378,Moderate
5379,Poor
5380,Moderate
5381,Good
5382,Moderate
5383,Poor
5384,Moderate
5385,Moderate
5386,Moderate
5387,Moderate
5388,Good
5389,High
5390,High
5391,Good
5392,High
5393,Good
5394,Moderate
5395,Good
5396,Good
5397,Good
5398,Moderate
5399,Good
5400,High
5401,Poor
5402,Moderate
5403,Good
5404,Good
5405,Poor
5406,Good
5407,Good
5408,Poor
5409,Moderate
5410,High
5411,High
5412,High
5413,High
5414,High
5415,Moderate
5416,Moderate
5417,High
5418,High
5419,Moderate
5420,Poor
5421,Bad
5422,Good
5423,Moderate
5424,Moderate
5425,Good
5426,Good
5427,Good
5428,Poor
5429,Good
5430,Good
5431,High
5432,High
5433,Good
5434,Good
5435,Moderate
5436,High
5437,High
5438,Good
5439,Moderate
5440,Good
5441,Good
5442,Good
5443,Moderate
5444,Good
5445,Good
5446,Good
5447,Poor
5448,Good
5449,Good
5450,Good
5451,High
5452,High
5453,High
5454,High
5455,High
5456,High
5457,High
5458,High
5459,High
5460,High
5461,Good
5462,High
5463,Moderate
5464,Poor
5465,High
5466,High
5467,High
5468,High
5469,High
5470,Good
5471,Good
5472,High
5473,Good
5474,Good
5475,High
5476,High
5477,Good
5478,High
5479,High
5480,High
5481,High
5482,High
5483,Good
5484,Good
5485,Poor
5486,Moderate
5487,Moderate
5488,High
5489,High
5490,High
5491,Good
5492,Moderate
5493,Good
5494,High
5495,Moderate
5496,Moderate
5497,Good
5498,Moderate
5499,Moderate
5500,Moderate
5501,Poor
5502,Moderate
5503,Moderate
5504,Moderate
5505,Moderate
5506,Moderate
5507,Good
5508,Moderate
5509,Moderate
5510,Moderate
5511,Good
5512,Moderate
5513,Moderate
5514,Moderate
5515,Moderate
5516,Good
5517,Moderate
5518,Moderate
5519,High
5520,Moderate
5521,Moderate
5522,Poor
5523,Poor
5524,Moderate
5525,Good
5526,Moderate
5527,Moderate
5528,Moderate
5529,Moderate
5530,Bad
5531,Moderate
5532,Moderate
5533,High
5534,High
5535,Moderate
5536,Moderate
5537,Poor
5538,Moderate
5539,Poor
5540,Moderate
5541,Good
5542,Moderate
5543,Moderate
5544,Moderate
5545,Moderate
5546,Moderate
5547,Moderate
5548,Moderate
5549,Moderate
5550,Moderate
5551,Poor
5552,Good
5553,Poor
5554,Moderate
5555,Poor
5556,Poor
5557,Poor
5558,Moderate
5559,Good
5560,Moderate
5561,Moderate
5562,Bad
5563,Poor
5564,Moderate
5565,Moderate
5566,Moderate
5567,Moderate
5568,Moderate
5569,Poor
5570,Poor
5571,Moderate
5572,Moderate
5573,Poor
5574,Poor
5575,Poor
5576,Moderate
5577,Bad
5578,Poor
5579,Moderate
5580,Poor
5581,Good
5582,Moderate
5583,Moderate
5584,Moderate
5585,Moderate
5586,Poor
5587,High
5588,Moderate
5589,Moderate
5590,Moderate
5591,Poor
5592,Moderate
5593,Moderate
5594,Moderate
5595,Moderate
5596,Poor
5597,High
5598,Moderate
5599,Good
5600,High
5601,Moderate
5602,Good
5603,Good
5604,Moderate
5605,Good
5606,Moderate
5607,Moderate
5608,Moderate
5609,Moderate
5610,Good
5611,High
5612,Moderate
5613,Moderate
5614,Moderate
5615,Poor
5616,Good
5617,Good
5618,High
5619,High
5620,High
5621,High
5622,High
5623,High
5624,High
5625,High
5626,High
5627,High
5628,Good
5629,Good
5630,Good
5631,Moderate
5632,Moderate
5633,Good
5634,Good
5635,High
5636,High
5637,High
5638,High
5639,High
5640,High
5641,High
5642,High
5643,High
5644,High
5645,High
5646,High
5647,High
5648,Good
5649,High
5650,High
5651,High
5652,High
5653,High
5654,High
5655,High
5656,High
5657,High
5658,High
5659,Good
5660,Good
5661,High
5662,High
