,s_tilde
Achaa01,17.04064818186349
Achac01,15.909265705347446
Achaf01,16.851164946312718
Achaf02,19.94325565437793
Achal01,18.376548846717853
Acham01,13.165854369260611
Achan01,18.404798266422727
Achat01,14.460213592786646
Achat02,19.990627932507515
Achat03,18.76155350979449
Achba01,18.023442761746004
Achbi01,15.498344616603347
Achbi02,15.23939380462582
Achbr01,10.430958827765672
Achca01,11.12937837133693
Achca02,19.882339334075255
Achca03,17.155275551549202
Achca04,19.286816473967512
Achch01,8.05882707842742
Achcl01,8.900308655692436
Achco01,9.382900991187979
Achco02,16.433397330997323
Achco03,16.103594868116303
Achco04,19.076004091161987
Achcr01,17.249498792925202
Achcy01,18.547731191827314
Achda01,19.493336755320513
Achda02,18.630837471400316
Achde01,16.896336816094436
Achde02,4.717307008840673
Achde03,15.991320240571131
Achdi01,12.914342099421468
Achdi02,15.115415536619034
Achdr01,17.32810140729509
Achel01,7.172364317721573
Achen01,9.727834308157362
Acheu01,16.68423752641899
Achex01,13.372311142678843
Achex02,19.106543180443726
Achex03,10.26042865804486
Achfl01,9.992247315848433
Achfr01,18.56796157044431
Achfu01,9.86792349369558
Achge01,16.73573530617782
Achgr01,6.707229024332231
Achgr02,17.171102308901894
Achgr03,12.62170675563534
Achha01,4.86270195958362
Achhe01,8.684070349943486
Achhi01,18.69542903903813
Achho01,16.681079589254114
Achho02,14.924423815506263
Achho03,19.962253630023998
Achhu01,4.919084186007256
Achim01,8.728376056439789
Achim02,11.26298931156997
Achim03,17.5797793893507
Achin01,15.297747725769177
Achin02,11.831647136094313
Achja01,18.64971522150205
Achja02,18.00699215867966
Achjo01,18.539886063335782
Achko01,14.610898534976265
Achkr01,18.022278713222065
Achkr02,18.832321420276063
Achkr03,18.774731586709297
Achkr04,5.309202445141016
Achku01,7.71707635944928
Achla01,15.27155253139828
Achla02,13.229221997354836
Achla03,14.432567437930784
Achla04,12.899724704412556
Achla05,17.18823490797065
Achla06,17.21853462915594
Achle01,14.876442848136382
Achle02,16.02478377220005
Achli01,18.047103331570533
Achli02,15.634130417492841
Achli03,19.999952898481563
Achli04,3.6552353406770175
Achlo01,14.47790127764715
Achlu01,18.38476767656989
Achlu02,16.70507261569564
Achma01,16.238312770846058
Achmi01,3.0034023072312386
Achmi02,19.999999999999996
Achmi03,19.807403265450994
Achmo01,6.932913274897607
Achmo02,5.838784630440943
Achna01,10.48336716934379
Achna02,14.699805244789934
Achne01,18.491281068054747
Achni01,18.12097848579883
Achno01,16.0927734375
Achob01,19.996864933205885
Achpa01,5.8906289894565855
Achpe01,16.65096709930567
Achpe02,15.279977961774076
Achpf01,18.355449598063164
Achpl01,14.65674677537919
Achpo01,18.24464330133585
Achpr01,15.542406534642392
Achpr02,1.342720128204871
Achps01,7.316582738796552
Achps02,18.644910256771624
Achps03,9.861284008495353
Achps04,16.469472692284988
Achpu01,14.570320222634207
Achpy01,19.999999999999996
Achre01,18.477140202713535
Achri01,19.999999999683325
Achro01,7.557888706917246
Achro02,18.702020615110577
Achro03,12.288104511186711
Achro04,18.300046360904485
Achru01,9.78436885336125
Achru02,11.308883902590017
Achsa01,17.42928845867122
Achsc01,18.97097256386315
Achse01,11.868310768492268
Achse02,15.358865264381368
Achsi01,15.508248223327273
Achst01,15.489451061777103
Achst02,8.5814642443167
Achst03,19.832057211753536
Achst04,15.439099845882428
Achsu01,19.999934566638462
Achsu02,10.560974774707814
Achsu03,19.999719258030886
Achsu04,15.00923672655028
Achsu05,17.58979507671897
Achsu06,19.100678787686466
Achsu07,16.6894325865986
Achte01,17.737049004043904
Achth01,19.742324445417015
Achtr01,13.69190176756697
Achtr02,10.864233195281857
Achtr03,17.14929753377914
Achtu01,19.997909063575495
Achzh01,19.160795604540976
Achzi01,12.038741730220119
Actde01,16.357421875
Actno01,14.717745059418231
Actro01,15.223590996293197
Actse01,5.0880024731125495
Actsp01,12.732892483664271
Actsu01,4.806654172417942
Actvu01,14.07454356962533
Adlaq01,5.36083984375
Adlba01,14.254313597598921
Adlbr01,11.877775736938732
Adlbr02,18.32933101029058
Adlmi01,18.203352052540268
Adlmu01,14.058712862575947
Adlmu02,12.092698481244508
Adlpa01,7.222512470662535
Adlsu01,16.845131744722284
Afrre01,17.185663390905177
Ampae01,5.164988525716372
Ampaf01,14.45461392232079
Ampal01,2.8106228198721235
Ampat01,7.83470107237649
Ampbi01,4.561264793925701
Ampbu01,3.088916115032875
Ampco01,5.413562606235843
Ampcu01,18.46084639561069
Ampde01,1.000014176138849
Ampdi01,2.6324721402645226
Ampdi02,12.447020007963893
Ampdu01,3.503013032828255
Ampei01,8.413328238406445
Ampex01,8.407717864491428
Ampfo01,9.903080263208215
Ampfo02,2.111382208223603
Amphe01,1.1454373217177374
Amphi01,18.791291671840696
Ampin01,18.561056051407352
Ampin02,17.729025071648987
Ampli01,5.456352195031846
Ampma01,16.313827951182418
Ampme01,14.831750919265806
Ampmi01,11.296266379142933
Ampmi02,15.46415263858366
Ampmo01,4.465239278220757
Ampne01,2.240417708373036
Ampne02,18.67422849890953
Ampno01,5.1266563320557355
Ampol01,17.332341482991527
Ampov01,13.78363651969319
Amppa01,12.919919977839465
Amppe01,17.257675688508144
Amppe02,19.589947495920317
Amppo01,12.860128292493458
Amppo02,1.8546279643015824
Amppr01,7.193740638735122
Ampps01,11.866315645031392
Ampri01,6.843586697060227
Ampst01,12.228097554490674
Ampst02,9.34840314248719
Ampsu01,16.7136210117644
Ampsu02,4.4347778471675
Ampsu03,1.3248541030608598
Ampsu04,9.794793397070244
Amptu01,14.223570460124902
Ampve01,1.4440149011289176
Ampve02,13.23387212303133
Ampvi01,6.371084226485488
Anaba01,10.63067803649859
Anemi01,7.723333130274485
Anetu01,7.79281153279855
Anoeu01,15.565125941728029
Anoga01,18.153384399861974
Anoin01,15.73044417628033
Anosp01,13.058180847286994
Astfo01,17.936363961619694
Aulal01,10.166404522259468
Aulam01,16.301934933335975
Aulbr01,5.741495300947862
Aulcr01,10.310240589807853
Aulcr02,4.013033261362897
Auldi01,13.603904425977294
Aulgr01,7.811550674409356
Aulis01,10.39886684145786
Aulit01,4.6765720645099575
Aulli01,9.514575518903053
Aulni01,15.280686172388851
Aulpa01,14.57913357617202
Aulps01,2.4820081612663007
Aulps02,16.630278032436475
Aulsu01,9.417730389786339
Aulsu02,18.07388328281786
Aulte01,16.750894385277398
Aulva01,5.023929880965613
Azpno01,15.101973007024116
Bacci01,18.420231931611955
Bacpa01,2.4742087141279256
Bacul01,7.635848748765285
Berru01,16.52749470089828
Bible01,15.858539131995691
Birbi01,14.649826049804688
Brabr01,18.255953927100744
Braca01,18.663931038817246
Brali01,6.960141067640041
Brane01,18.72657523229508
Brane02,18.887836329176707
Brapr01,16.04692797271894
Braps01,12.906504186655608
Breke01,13.108096019475228
Calae01,17.48061773126227
Calae02,6.023902070845816
Calal01,18.619907634218666
Calau01,14.683978565719503
Calba01,16.785863227008516
Calbi01,6.713833247457892
Calfa01,8.130959767432039
Calfo01,18.786709149109114
Calfo02,6.136847279023153
Calhy01,17.60421795190083
Calla01,17.27734375
Calla02,18.110209702892647
Calla03,17.62397483826205
Calle01,14.8082526990252
Calmi01,17.633722679220103
Calpa01,7.060557382002091
Calpu01,6.789424427802973
Calsc01,14.08962361157492
Calsi01,18.596109691273778
Caltr01,17.375974616977278
Calve01,10.73854159768625
Calwe01,9.858090836212973
Camcy01,19.339748556086356
Camhi01,12.17109862781586
Capcr01,14.52950180491968
Catad01,5.549459299351939
Cavpa01,19.645206127687445
Cenre01,11.665977478027344
Cergr01,8.468074352646402
Chaal01,14.955972326186199
Chabe01,10.912827837594142
Chafa01,16.820880412592892
Chamu01,18.54236349002459
Chare01,8.793868226730229
Charh01,12.623905487051507
Chasc01,13.753105164302701
Chath01,19.441630659358733
Clico01,14.217893851901719
Cliin01,17.222827021612844
Cocbr01,4.538417565472119
Cocca01,15.501557727343068
Coccl01,14.55004557972023
Cocco01,5.417308012648641
Cocde01,2.281705293345809
Cocdi01,18.039751259343216
Cocdi02,13.36480483070092
Coceu01,14.948925347245886
Cocgr01,9.895019488972082
Cochu01,12.16202323635312
Cochu02,12.444587707519531
Cocin01,6.176351945713054
Cocla01,5.0173749457685455
Cocle01,17.8909860970121
Cocli01,19.999999981606802
Cocme01,11.352105907456524
Cocne01,9.24303020309045
Cocne02,15.509963149860592
Cocne03,13.895337480872124
Cocpa01,19.45471172328898
Cocpe01,14.906261331044467
Cocpl01,19.970750889614482
Cocps01,10.124684178020603
Cocps02,17.621462019122887
Cocre01,19.92597133980746
Cocro01,18.656290364625196
Cocsc01,6.190330029830856
Cocse01,10.261220597229077
Cocsu01,10.930125612583117
Conwe01,3.043159850228479
Cosco01,6.572674949022685
Cosla01,1.4493379917610414
Cosla02,5.472949004487544
Craac01,6.609031961667975
Craac02,12.090965289355017
Craha01,11.90631359720417
Crari01,12.267090873097493
Crasu01,1.0656440253201664
Crasv01,16.41117713613516
Cravi01,6.705348727108717
Crazi01,14.498966505266077
Creru01,5.921134196085247
Creth01,16.698725473567645
Ctepu01,17.293769009327015
Cycat01,6.751198592339102
Cycbo01,7.640007097344726
Cycco01,16.068247284386363
Cyccy01,18.740258427364616
Cycde01,8.004244887391108
Cycde02,12.080255476246391
Cycdi01,19.301953605543154
Cycdu01,6.92870977824868
Cycex01,11.457687377929688
Cycgl01,5.875155670411234
Cycir01,18.02379825728631
Cyckr01,4.874204713971296
Cycku01,6.5663173612508325
Cycme01,8.18373466911194
Cycme02,15.738885521637918
Cycmi01,12.020599233728257
Cycop01,13.26829450686518
Cycpl01,9.701042921067724
Cycpl02,3.1093257892466535
Cycps01,12.460719323191585
Cycsc01,18.79581080010414
Cycsc02,7.163780351200331
Cycst01,14.829572503876717
Cycst02,6.1111717702916675
Cycst03,19.959984026887767
Cycst04,12.142353904168791
Cycsu01,15.370087807374079
Cycth01,11.268678725874683
Cycwo01,12.41113345142364
Cylgr01,11.30634250834586
Cymaf01,1.8654025120524427
Cymaf02,19.79874045078915
Cymal01,10.793443146770876
Cymal02,15.68130708575569
Cymam01,16.50525643763581
Cyman01,11.356338270781817
Cyman02,7.950581487521454
Cyman03,11.374984627756927
Cyman04,2.786895751953125
Cymap01,16.930205565663638
Cymas01,14.100245939954352
Cymbe01,2.8613991841277726
Cymbi01,6.339545645181801
Cymbr01,8.77229605100496
Cymbu01,3.7653427114986973
Cymci01,11.280578278745995
Cymco01,19.40402747123035
Cymcu01,14.109145811596651
Cymcy01,15.848290038689823
Cymdi01,18.729514504931775
Cymdo01,15.218989819484925
Cymeh01,4.14210978133048
Cymel01,11.051341914087526
Cymel02,17.153656005859375
Cymex01,19.915541607259804
Cymex02,18.99651270155562
Cymex03,9.880946964832862
Cymfl01,17.93865611883068
Cymfr01,10.710095435065353
Cymga01,9.363597897054202
Cymhe01,17.201530596594957
Cymhe02,18.537802871452442
Cymhu01,18.774720848806663
Cymin01,16.67545418822751
Cymin02,9.71684064576918
Cymin03,6.684250405067901
Cymka01,6.793543547425463
Cymko01,18.2794979858129
Cymku01,17.709102589744877
Cymla01,11.429290235374156
Cymla02,3.978255376227048
Cymla03,1.017641143360067
Cymlu01,13.420819648396424
Cymma01,10.25726017785285
Cymme01,15.690183445762708
Cymme02,18.79316681474206
Cymmi01,19.99968403717918
Cymna01,18.831660704125635
Cymna02,18.502480485857657
Cymne01,18.39605893913582
Cymne02,15.813069403730736
Cymne03,19.019536991555352
Cymob01,8.704160905867065
Cymob02,9.579216395322355
Cympa01,9.333087407236235
Cympe01,18.532666992263863
Cympe02,18.66738000942193
Cympl01,1.4060804134596234
Cympr01,13.035140991210938
Cympr02,7.857387669828833
Cympr03,4.843783168747167
Cympu01,1.002219848276925
Cymre01,15.829449282248529
Cymrh01,17.86448006549675
Cymru01,17.06073092910319
Cymsi01,19.99999075222586
Cymsi02,6.625986746300237
Cymsi03,8.361558402344375
Cymso01,9.926601735005786
Cymsp01,13.479900553211795
Cymst01,5.63381517964384
Cymsu01,6.148467144883963
Cymsu02,12.9850034767472
Cymsu03,9.542182450542667
Cymsu04,2.2163727845530667
Cymsu05,10.195999785643457
Cymsu06,18.7980917259988
Cymsu07,18.685060630197988
Cymsu08,13.88621056067213
Cymsu09,17.355711952627985
Cymtr01,9.64377435596361
Cymtr02,16.397312549332486
Cymtu01,16.64540881670184
Cymtu02,18.69006215863601
Cymtu03,17.37914766026357
Cymtu04,12.328723983440462
Cymve01,19.99597869400411
Cymvu01,14.663185639823345
Delal01,12.692722303217929
Delap01,14.644532063784247
Delco01,13.032690680933571
Delde01,10.418473031928885
Delde02,16.146099648732402
Delkr01,17.567915501676897
Delve01,18.465472826634233
Dener01,10.740589507088613
Denfr01,18.39917251763885
Denku01,18.85686839308028
Denpa01,15.51231291086776
Dense01,15.405565394035637
Densu01,3.292035672999737
Densu02,15.04060332099725
Denta01,18.949672589622097
Dente01,19.955892928224838
Diabi01,6.629880475656286
Diaco01,4.5542039002145875
Diade01,8.918129789715165
Diaeh01,19.6290162186134
Diaga01,9.243578917782926
Diahy01,16.690762436536392
Diame01,19.82928941161971
Diamo01,19.641225532964338
Diapa01,18.192393098133067
Diapr01,12.146727902397508
Diapy01,18.761265876638593
Diate01,14.109028925981672
Diate02,12.42098746493434
Diavi01,12.070535659790039
Diavu01,14.08617984089537
Dicda01,9.709677013096668
Didge01,16.43830569203651
Dimna01,10.008626419042692
Dipab01,9.102851782063246
Dipae01,1.2111826035092204
Dipbo01,4.197026295174579
Dipbo02,17.570096015930176
Dipbu01,13.782255890535225
Dipca01,17.28462539720874
Dipca02,16.64511333418774
Dipde01,11.093354677350998
Dipel01,14.280651979899622
Dipfo01,12.551151158263966
Dipfo02,14.888042829695424
Diphi01,7.932334423504845
Dipkr01,18.328966125287604
Dipma01,17.135882615139952
Dipmi01,16.520390851416302
Dipmo01,6.892873548870673
Dipob01,14.35521537575378
Dippa01,11.056935868784253
Dippa02,14.113480040875809
Dippe01,18.768817367441642
Dippr01,16.835872388675323
Dipps01,9.366872443426757
Dippu01,7.4834998866795415
Dipse01,17.360650894738765
Dipst01,7.650684718588574
Dipsu01,16.106149027827062
Dipti01,16.327341143566812
Disin01,8.124284009880792
Disst01,11.438084157542546
Dorko01,17.960868624308308
Encae01,13.770308249518052
Encaf01,9.549611817912727
Encal01,12.188049160337933
Encal02,18.138782935761434
Encau01,18.376918789828064
Encbl01,5.760911071971919
Encbo01,18.60245088216449
Encbr01,11.323401000033371
Encca01,18.05534702047293
Encce01,18.89478125267416
Encel01,18.306444588958037
Encfa01,10.307713340075365
Encfo01,18.626157397993822
Encfo02,13.920497083246781
Encge01,7.733341894330005
Encgr01,13.77263319449526
Enche01,10.464134413653484
Encho01,15.054557201408846
Enchu01,7.675849914550781
Encin01,6.407118606822051
Enckr01,17.783553182331598
Enckr02,13.987818931218424
Encla01,9.945724487304688
Encla02,12.864512663748052
Enclu01,15.405273629142117
Encme01,2.2062115915746596
Encmi01,14.985349736284082
Encmi02,18.746210848361315
Encmi03,19.670701911873376
Encmi04,19.975668692967716
Encmu01,11.5405232638832
Encne01,19.40755839422041
Encne02,9.47717794841423
Encne03,17.63323009233846
Encno01,10.291222664241277
Encob01,18.37563179946574
Encpa01,15.370066673130381
Encpe01,8.33320389048902
Encpr01,18.36896147531982
Encpr02,13.037813753990116
Encre01,8.185241469980015
Encre02,8.075134923706372
Encro01,18.628819117633245
Encro02,14.81283998683895
Encsi01,17.894623604557687
Encsi02,19.336338509891643
Encsp01,1.306146571356714
Encsu01,13.966091512576398
Encsu02,10.414847376037805
Encsu03,19.60680932089234
Encsy01,12.436598022004336
Encta01,17.102741649973833
Encth01,7.344123894547351
Encva01,9.158695554793717
Encvu01,16.776363378538505
Entor01,8.955165832645868
Entpa01,12.717348615078079
Eolar01,6.017995805445879
Eolbe01,14.525302851014771
Eolch01,13.347840724444413
Eolco01,5.467279214078256
Eolcr01,11.749083599442802
Eolin01,8.963453866565647
Eolrh01,19.503153698608894
Epifr01,11.55509934105613
Epigo01,18.64320132428056
Epiin01,18.52137059149163
Epiop01,7.038456587799348
Epipa01,13.946427579652397
Epire01,17.312164868609443
Epiru01,13.032330302812836
Epism01,8.452124180634966
Episo01,13.205155087795964
Epitu01,10.47432458465876
Ethpu01,12.729648521021334
Eucal01,13.160110779149594
Eucau01,18.0
Eucdi01,8.477300895180324
Eucla01,16.795565302110525
Eunam01,5.7900804444962395
Eunar01,16.490204269041342
Eunar02,13.45324988685011
Eunar03,19.1913290363053
Eunar04,11.039940179625823
Eunau01,10.483055036411663
Eunbe01,5.967191370494869
Eunbi01,12.058212466238416
Eunbi02,9.66525304171453
Eunbi03,13.542837264832293
Eunbi04,13.63377421671612
Eunbi05,19.436340815659857
Eunbo01,18.61091315175183
Eunbo02,7.545084998480554
Eunbo03,18.987279714180165
Eunch01,8.92633591855824
Eunci01,17.63286093195204
Eunci02,13.523009315980664
Eunci03,10.294113868989644
Euncu01,15.487731255474877
Eunde01,8.708549815696692
Eundi01,17.414765764803217
Eundi02,1.000890798031873
Eundo01,7.355137643653328
Eunel01,6.747252014467265
Eunen01,18.57253089383744
Eunfa01,10.30727842265296
Eunfl01,2.2985931355955063
Eunfo01,13.667823942033015
Eunfo02,18.702293496168274
Eunge01,17.213244840850965
Eunge02,11.065547435238829
Eungi01,10.363516084849834
Eungl01,15.836309617209611
Eungl02,11.272536054181614
Eungr01,1.426551116511455
Eunim01,19.782434929810506
Eunin01,19.806497847042554
Eunin02,15.455073344942187
Eunis01,17.399890459469898
Eunkr01,18.57056126615386
Eunla01,12.125317273550047
Eunla02,10.363203037258339
Eunme01,7.457344873032564
Eunme02,18.6388468727382
Eunme03,13.783804941503659
Eunmi01,8.183317823508709
Eunmi02,1.0000012660045616
Eunmo01,7.984352836895179
Eunmu01,15.90351307957624
Eunmy01,12.742918314522456
Eunna01,8.823600965707287
Eunne01,13.429842443613772
Eunne02,8.44040159132882
Eunny01,14.420049057138325
Eunoc01,3.401718591116707
Eunor01,10.320252527937297
Eunpa01,13.14338435049031
Eunpa02,18.711514030278778
Eunpa03,18.123088160319526
Eunpa04,14.025259108357384
Eunpa05,16.09014378577412
Eunpe01,16.922716692840112
Eunpe02,10.395505514903572
Eunpe03,15.495064622492764
Eunpr01,15.81667331077503
Eunps01,8.125698328547282
Eunps02,14.172493302293356
Eunrh01,16.05247304765656
Eunse01,13.47846552601489
Eunse02,17.054092983465058
Eunse03,8.86391527938302
Eunsi01,15.924650316626774
Eunso01,10.729808566514206
Eunst01,8.609287313554837
Eunsu01,11.316669284514948
Eunsu02,19.350660052954076
Eunsu03,18.669286789244428
Eunsu04,10.844981124291806
Eunta01,17.78053674615279
Eunte01,19.09483200731375
Eunte02,16.77344177361962
Eunth01,16.966000628145405
Euntr01,13.697189666362515
Euntr02,14.392420609642757
Eunur01,7.106899804225478
Eunva01,6.983373618655743
Eunva02,12.349381053509626
Eunyb01,12.670663734429697
Exipu01,11.932132039748259
Exiva01,19.81189062957498
Falcl01,10.321408265672543
Falcr01,14.322462920727354
Falom01,3.780100771078185
Falpy01,15.044329781746322
Fraac01,7.904086886360935
Fraac02,12.802264771861946
Fraac03,3.829701624509298
Fraae01,18.835494159536225
Fraal01,15.691059300347591
Fraam01,18.532808706208407
Fraam02,14.301100648751268
Fraan01,7.7837665801872875
Fraaq01,10.914777918227408
Fraat01,12.634454408038259
Fraau01,17.517340977351616
Frabi01,14.950634552627859
Frabi02,9.421389819799009
Frabi03,17.9404943774031
Frabi04,8.209635381478744
Frabi05,2.0393523155937325
Frabo01,15.20427460323241
Frabr01,15.635239980208022
Fraca01,16.14671813558688
Fraca02,18.034257853668134
Fraca03,12.857756704587725
Fraca04,19.244902487978308
Fraca05,1.9443945072792377
Fraco01,13.786876445863312
Fraco02,15.663173815232794
Fracr01,17.548434867383474
Frade01,17.57759902310315
Frade02,15.969334936083657
Fradi01,12.106818117842352
Frael01,13.024832126465327
Fraex01,19.36453136103796
Frafo01,15.186020751439273
Frafr01,13.657335886447276
Frage01,15.17999801736116
Frage02,19.494756243638793
Fragr01,19.999914286812935
Fragr02,10.615370869751494
Fraha01,12.028953556200074
Frahe01,12.990290158645942
Frain01,17.209810010496895
Frain02,13.680357950271436
Fraka01,17.243103234694225
Frala01,2.3915827918131884
Frala02,16.7703948136947
Frala03,12.013219643223216
Frale01,18.548985640076378
Fralo01,14.206654739371322
Frame01,10.4941759083721
Frame02,17.73477961000547
Frami01,13.280258295888297
Frami02,4.931670193331273
Frami03,17.39350595986102
Frami04,11.250438498278058
Framu01,15.05104949713617
Frana01,17.680075929718193
Frana02,7.111725785300547
Frane01,16.432622073905375
Frane02,17.156089693086372
Frane03,18.562006128530435
Frane04,19.65832565976953
Frani01,12.69929191720483
Fraol01,17.961222725533847
Fraos01,15.262000675741328
Frapa01,19.822278360912854
Frapa02,15.578018371693487
Frapa03,18.52939334109401
Frape01,19.89370936145947
Frape02,12.083126902580261
Frape03,14.52476485629871
Frape04,19.009078455196047
Frapi01,16.04732814167329
Frapo01,6.266295467053458
Fraps01,13.803155301752769
Fraps02,17.976016676926754
Frapu01,13.641616092361629
Frara01,18.77257524066141
Frare01,16.40354480424537
Frari01,18.491389256245707
Fraro01,14.638112930395634
Fraru01,19.62531549923538
Frasa01,13.411099938940147
Frasa02,18.18237700492462
Frasi01,1.6744585454921208
Frasu01,16.74507458613816
Frasu02,8.516810778809504
Frate01,17.041425395195475
Frate02,2.1020383794496538
Frate03,12.588261153920204
Fratr01,6.4900796045891305
Fraul01,15.300312548696905
Fraul02,9.717406996411967
Fraun01,12.044913670824814
Frave01,18.090333798734047
Fravi01,17.189125492030236
Fravi02,19.63274337420208
Fruad01,18.673947910437843
Fruam01,7.505878076997317
Fruap01,13.012873443428177
Fruau01,17.018565004004444
Fruco01,13.855290090345862
Frucr01,18.604664131072823
Frucu01,4.712438954924456
Frudi01,17.616060701462587
Fruer01,17.15729586157285
Frukr01,6.954239548154917
Fruli01,6.706648396492428
Fruma01,12.044151374179416
Frune01,6.178724529081699
Frune02,2.3466352891770947
Frupa01,18.55594782346647
Frupu01,1.3815468975248684
Fruqu01,16.75710908869589
Frure01,10.948576207981626
Frurh01,18.803957248086704
Frusa01,18.907109859577286
Fruse01,13.054949465760458
Frusp01,4.215935358683093
Fruve01,9.5811467967366
Fruvi01,18.10241674453234
Fruvu01,17.46429827251477
Fruwe01,13.839921480532164
Geiac01,18.021028951595035
Geige01,11.960601344407495
Geihi01,18.527080386032843
Geita01,11.497005417962008
Geren01,12.900558990248594
Glotr01,12.402415033726546
Gomac01,12.168685053525522
Gomac02,14.847810286395049
Gomac03,17.142334956451048
Gomae01,15.620243927816535
Gomaf01,17.51952239994382
Gomag01,11.576952290555283
Gomam01,11.234181929119634
Goman01,8.356419631937074
Goman02,16.220178210858116
Goman03,11.358624604107849
Goman04,16.861799281073296
Goman05,19.05770106362809
Goman06,18.658393938223533
Gomau01,5.804335330136778
Gomau02,18.72570563433308
Gomba01,17.63469775410399
Gombo01,18.934409363468642
Gombo02,11.545546491017648
Gombo03,14.409463782623767
Gombr01,12.853006232451204
Gombr02,14.477336748200113
Gomca01,16.511872912958633
Gomca02,18.53229853817129
Gomca03,7.225901395082474
Gomca04,18.398952132929843
Gomca05,5.624869682099349
Gomcl01,11.48198617852407
Gomcl02,16.43016291025028
Gomcl03,13.152447981668832
Gomco01,11.444147165093991
Gomco02,3.64617341544658
Gomco03,11.551346754520134
Gomco04,12.899273654319732
Gomco05,10.308786803966075
Gomcu01,4.544886860273187
Gomcu02,18.06156458494573
Gomcu03,10.364539021605392
Gomcy01,18.4641286615237
Gomda01,12.0101634430049
Gomde01,11.186811561128321
Gomde02,18.705498062321297
Gomdi01,9.779311909587415
Gomdr01,18.417394814687825
Gomel01,19.9992622138258
Gomen01,8.304744749983392
Gomer01,18.22498599301997
Gomer02,18.464769397872452
Gomex01,19.99591787796624
Gomex02,8.346297745345277
Gomfo01,15.147697962444536
Gomfr01,10.878262569319446
Gomgr01,17.133371972075768
Gomgr02,10.447541390662522
Gomgr03,11.469181403057158
Gomgr04,16.72721342625998
Gomha01,13.269433751987151
Gomhe01,15.89360065775334
Gomho01,12.896297807779229
Gomho02,4.624421726849174
Gomin01,14.670947311859411
Gomin02,9.601018331828845
Gomin03,16.586024963764196
Gomin04,1.0163017580856868
Gomin05,18.63319499856279
Gomin06,19.978709541521162
Gomit01,11.218321265497373
Gomja01,18.78988860594636
Gomje01,18.104786318508705
Gomko01,17.24173573151017
Gomla01,10.811221317535573
Gomla02,15.980805525172057
Gomla03,12.162642571335299
Gomla04,17.648629888084596
Gomla05,19.18183688468894
Gomla06,15.468286482396797
Gomli01,7.402957026401608
Gomli02,1.6894311172269927
Gomli03,1.1522381826013237
Gomli04,14.904221813653301
Gomli05,1.1950930980216923
Gomlo01,12.017534742367108
Gomlo02,7.820088836988951
Gomma01,1.5886134975651258
Gomme01,6.392336302075963
Gommi01,18.816371359213875
Gommi02,19.44212551245918
Gommi03,17.41401418284065
Gommi04,13.81874034720396
Gommi05,17.980213230472422
Gomna01,17.280263208420457
Gomoa01,2.0246157666105837
Gomob01,8.036093778216824
Gomob02,11.426407613593966
Gomoc01,16.39597686778686
Gomoh01,6.001830237852877
Gomol01,11.478468684447478
Gomol02,11.623995095532312
Gomol03,17.32304207995204
Gomol04,19.74885502098909
Gomop01,18.465821744885652
Gompa01,15.16176151869863
Gompa02,3.4402475412410296
Gompa03,3.805872665862603
Gompa04,12.331746520718017
Gompa05,6.975185990536429
Gompa06,8.81701297216248
Gompe01,9.818761444205418
Gompl01,8.467602094646734
Gompr01,19.807670349521004
Gompr02,8.014947013413387
Gompr03,17.82603347018429
Gomps01,2.7067935106631693
Gomps02,15.584572132821972
Gomps03,11.755813990534262
Gompu01,10.821304136091891
Gompu02,16.373356533586744
Gompy01,17.190918860758845
Gomrh01,19.987155887731493
Gomro01,14.353806478136761
Gomsa01,15.755795266850111
Gomsi01,11.08981728428489
Gomsp01,1.9429510895505073
Gomsp02,18.619036946047025
Gomst01,12.803557234034464
Gomst02,18.44424788259007
Gomsu01,15.052936110044914
Gomsu02,9.462405828347503
Gomsu03,13.601913996988065
Gomsu04,17.38422801835339
Gomsu05,14.240276077705438
Gomta01,16.909159495880797
Gomta02,7.653505616827908
Gomte01,15.45034504487677
Gomte02,19.86037604341773
Gomtr01,19.872420185425117
Gomtr02,18.81613272043926
Gomtu01,1.4097751417161817
Gomtu02,10.27928330618696
Gomun01,16.798105385102673
Gomut01,7.249076695458197
Gomva01,9.6726247315746
Gomva02,18.86317479207067
Gomva03,14.264504709641898
Gomva04,18.58936400446266
Gomva05,7.160470478202948
Gomve01,11.070153663006154
Gomvi01,17.131564589417657
Gomvi02,15.80788423624972
Gomvi03,14.499798473627264
Gomze01,4.260706657099783
Grama01,10.199682646114715
Grase01,9.290170317378806
Grusi01,8.877390303245786
Gruta01,18.639266584147023
Gyrac01,12.409818957796022
Gyrat01,13.560089334960464
Gyrli01,12.351778537557394
Gyrob01,6.544928302653338
Gyrsc01,6.612440527767463
Halac01,5.810684561970068
Halap01,18.712559887565245
Halbu01,2.0956313198661998
Halco01,8.526437224028388
Halcy01,3.552982833387948
Halho01,2.3411671661169504
Halmo01,7.08952193707643
Halno01,9.159005360252797
Halol01,2.0738518553765393
Halpe01,16.717240257276465
Halsu01,12.341539931365137
Halva01,14.485111782955999
Hanab01,1.456677054210227
Hanam01,7.100013337829621
Hanar01,18.049350076187796
Hanau01,14.772738770685915
Hanca01,9.035958943569785
Hanco01,14.292456348619766
Hanmo01,12.087722143550195
Hanps01,12.142820410773997
Hanre01,15.689940411159975
Hasdu01,5.138051088348414
Himex01,19.796028280881448
Himfa01,18.67350038472966
Himmi01,19.91263955502509
Himso01,17.70199358795943
Himve01,16.85706302986236
Hipar01,5.9754441749864355
Hipca01,4.293277857867476
Hipca02,11.473754547310582
Hipco01,10.129711633939728
Hipco02,3.6769064584524243
Hipge01,14.905898708159311
Hiplu01,11.16456310580171
Hipne01,18.84409495103255
Hipol01,14.198096051020293
Hipps01,11.547365544131026
Hippu01,16.56419932967348
Hipru01,6.879460799208671
Hipsu01,7.4680303623991495
Hombu01,8.912470127039034
Homca01,1.6527236262010978
Homco01,9.13655332043515
Homsu01,12.554092709493142
Humar01,10.057782571238109
Humbr01,18.437722554086807
Humco01,12.902901332798429
Humga01,4.028610500856778
Humpe01,18.685058906848067
Humsc01,17.225171973000382
Hydtr01,5.673219047108709
Hydwh01,12.92485890642983
Hygba01,10.052744484707127
Karam01,8.304666800780351
Karcl01,12.14698004899659
Karob01,15.180252143409842
Karpl01,16.705495934142196
Kobja01,7.49338643075991
Kobpa01,18.431383756260352
Kobps01,11.749519271620889
Kobsa01,9.397602748195762
Kobsu01,8.339650552160684
Kolsu01,16.236064714295274
Kurae01,18.404068731854167
Lacla01,15.525251161075836
Lemex01,4.051515663669505
Lemhu01,12.100333562818328
Lepmi01,12.49679425254932
Linau01,1.18221238416061
Linba01,4.221720574529508
Linbo01,11.3534152317209
Linco01,17.141720397694737
Linco02,3.582047574818305
Linco03,17.362189037717986
Linfo01,10.691278434167211
Linpr01,14.011965868962783
Linra01,15.012086608970971
Linte01,7.874170878017722
Lutac01,17.245981372707256
Lutco01,5.122850838750149
Lutfr01,3.929240455303089
Lutgo01,2.127042717899098
Luthl01,4.745716965086866
Lutin01,6.419562314649683
Lutna01,17.747816957894912
Lutpe01,15.34664576977514
Lutpe02,14.233777100811139
Lutps01,13.861447790344176
Lutro01,14.14006703149479
Lutsa01,17.485412900179593
Lutsi01,16.235352329869173
Lutsp01,17.0887923775986
Lutve01,6.071961590263818
Masac01,11.260362961461917
Masba01,9.499803392118231
Masel01,13.326020998312016
Masex01,18.928825779158963
Masex02,9.093329260320363
Masin01,8.8353685695436
Masla01,17.760663014554293
Maspa01,2.0273628783735527
Massm01,18.624640606677822
Masva01,12.996111516039123
Mayas01,1.2716957219521114
Mayca01,9.187310664988958
Mayca02,18.686410313583163
Mayin01,9.870749747008984
Melar01,14.248588670948646
Melcr01,15.92244943180885
Meldi01,12.968764553225052
Meldi02,9.934117078781128
Melgr01,8.398320467522511
Melit01,18.86913539166287
Melja01,4.100010608358606
Mello01,16.895717935616158
Melly01,3.9696720838546753
Melmo01,12.870741762948269
Melmu01,8.68176358204483
Melny01,18.0
Melpf01,18.705902750854403
Melpu01,19.059866522693316
Melsc01,12.737447819070308
Melsp01,12.641579021543269
Melte01,19.061869544794835
Melte02,3.3334995203349314
Melva01,15.284426315185724
Merci01,19.520838082577473
Merco01,17.2591203566456
Mesme01,6.577484130859375
Micgr01,16.525403577549227
Mickr01,8.264400757736453
Micpa01,6.267631372046735
Micpo01,5.967741808624413
Minch01,11.157011034389816
Monpr01,14.02999875223307
Muegi01,7.768006504725314
Muesp01,13.93487247951579
Nankr01,9.19709322217391
Nanso01,7.277241441113268
Nantr01,14.195637181552216
Navab01,15.25210137922465
Navab02,18.714727057255786
Navab03,5.88489328272494
Navac01,11.930687327261733
Navac02,1.3548215604578264
Navac03,9.731595612299788
Navad01,7.349796079252872
Navad02,5.621651498319295
Navag01,15.467255146921667
Navag02,9.585204141727981
Navag03,18.029848153791875
Naval01,12.64372425186717
Naval02,12.943234072931114
Navam01,17.652417990786393
Navam02,12.82496344663426
Navam03,2.858483634349228
Navam04,15.953316140733243
Navam05,4.743437070279845
Navam06,18.559201700530313
Navam07,5.444219531622874
Navan01,9.582920906818046
Navan02,19.67623180045406
Navan03,4.58269621661765
Navan04,12.537969895553095
Navan05,13.087057836272388
Navan06,2.029125581728108
Navap01,11.207845116333093
Navap02,4.020590099167659
Navaq01,18.555461676087994
Navaq02,11.599016769695318
Navar01,7.720724408480587
Navar02,19.371836364576545
Navar03,3.4579704501904462
Navar04,7.558926050374645
Navas01,17.17721684319951
Navat01,9.313942422625768
Navat02,12.65767887998745
Navau01,7.71912165480144
Navba01,8.374536741044242
Navba02,18.56702392606561
Navba03,11.699085457780297
Navbi01,6.6929749745898865
Navbi02,11.097888157631548
Navbi03,9.158703272763793
Navbj01,7.35042885601793
Navbo01,15.335423284790872
Navbr01,9.170985062462442
Navbr02,8.449295450403882
Navbr03,6.978760494540671
Navbr04,3.5342492249721054
Navbr05,14.538484857860249
Navbr06,5.410806748528785
Navbr07,9.483975215673572
Navbu01,3.7080980273037563
Navbu02,12.406671909406084
Navca01,7.6700407559187465
Navca02,5.713728503206761
Navca03,9.427836147212716
Navca04,11.570285043952243
Navca05,7.7979723395133735
Navca06,14.66637322026659
Navca07,12.573582524842625
Navca08,8.137297596978266
Navca09,7.542536792579998
Navca10,18.924733612842015
Navca11,8.704982578504971
Navce01,4.3084064621963
Navch01,17.38260589280406
Navci01,12.964275503988876
Navci02,17.646298480294966
Navcl01,4.82227709673606
Navcl02,12.195412869195094
Navcl03,5.727885584638468
Navcl04,3.7616238446831995
Navco01,18.317292408207
Navco02,12.4084443799153
Navco03,18.81956389824589
Navco04,6.438379286454932
Navco05,12.617514975273437
Navco06,16.81244653999237
Navco07,18.31156426027592
Navcr01,16.94198644544878
Navcr02,17.50735112797433
Navcr03,14.243257488174006
Navcr04,4.738047218593919
Navcr05,19.120020089272938
Navcr06,15.794367532654219
Navcr07,15.109041755887064
Navcr08,6.405666840195018
Navcr09,19.997762632635034
Navcr10,17.544515822323856
Navcu01,13.816023814614177
Navcu02,7.245577558573413
Navde01,12.996656645895055
Navde02,8.229102811454503
Navde03,17.981738087663445
Navde04,1.9904401926022608
Navde05,8.210017668446964
Navde06,14.0679653752785
Navde07,9.56888724436761
Navde08,18.337349887381688
Navdi01,4.129262006257235
Navdi02,17.465720472923316
Navdi03,15.670973646286026
Navdi04,14.485620817265817
Navdi05,5.338816027830482
Navdi06,10.276156305630568
Navdi07,12.75317278590482
Navdi08,7.22507668763174
Navdi09,7.228028471654686
Navdi10,3.196883965166068
Navdo01,6.643559974146873
Naveg01,18.583422076490862
Navei01,7.99637329307246
Navel01,2.0000016689300537
Navel02,13.915184268388998
Navel03,15.02331584669658
Navel04,14.064525696902866
Naver01,8.693080997492114
Navev01,19.39648726085247
Navex01,18.015156609684713
Navex02,19.666233574209116
Navex03,11.30604945752055
Navfa01,17.836255921762216
Navfa02,13.792374215029959
Navfe01,18.68335140161033
Navfl01,13.661469757757231
Navfo01,13.797099685484772
Navfo02,15.338228340789819
Navfo03,3.571180761706231
Navfr01,7.873678450438318
Navga01,3.430634315940753
Navge01,5.907140373339923
Navge02,7.414021646921995
Navge03,2.0000031888484955
Navgi01,15.536647065958709
Navgl01,1.0593777145538958
Navgo01,15.729253625237094
Navgr01,11.933813640599347
Navgr02,2.0000163093209267
Navgr03,8.211686788787501
Navha01,2.263710572120587
Navha02,14.783756422775024
Navha03,7.28416729494215
Navha04,1.2541757432095466
Navha05,13.030504814761057
Navha06,16.034064347353336
Navha07,18.414080780407645
Navha08,1.9999906476587057
Navhe01,9.48217318720715
Navhe02,17.353334743333253
Navhe03,8.16965485355599
Navhe04,14.237796114996243
Navhi01,18.80751718025345
Navho01,18.031737072405214
Navhu01,14.500154290048782
Navhu02,10.395530878832023
Navig01,17.463387813440026
Navig02,18.832351652414022
Navim01,5.447510741046641
Navin01,10.7391336160351
Navin02,2.000004298170097
Navin03,14.681758088727555
Navin04,12.031451138488263
Navin05,10.62057322674235
Navin06,11.838963595002264
Navin07,3.961750358462178
Navin08,8.399630165107279
Navin09,12.35350347926364
Navin10,11.352769962166004
Navir01,12.084429177146626
Navir02,18.73290761230588
Navja01,14.457222807891139
Navja02,8.550889400723914
Navja03,3.992814735587899
Navjo01,13.009620532475228
Navju01,1.9760770005208241
Navko01,16.15865804751626
Navko02,7.894232075879217
Navkr01,9.707130669770928
Navku01,8.419813062205424
Navla01,7.764359569791815
Navla02,10.567064512705562
Navla03,16.143930706095126
Navla04,13.248591124465431
Navla05,16.459292113359645
Navla06,8.159834095723358
Navla07,18.405995600428433
Navle01,18.71003370998086
Navle02,14.273418340361214
Navle03,6.848534599373023
Navle04,17.677710687177875
Navle05,15.417334972255045
Navle06,3.4016974938199036
Navli01,7.412871092014843
Navli02,12.426862825740871
Navli03,4.520648767554336
Navlo01,12.47652384053945
Navlo02,2.007018823929023
Navlo03,18.278675857421295
Navlu01,14.497356378467485
Navlu02,18.77147184771288
Navlu03,14.433552392067003
Navma01,11.943072788517089
Navma02,12.42584366306494
Navma03,8.731267239938136
Navma04,14.597660276102932
Navma05,16.25955610032434
Navme01,7.8498040346792965
Navme02,2.0000082472902108
Navme03,18.889632835865093
Navme04,13.888333784559759
Navme05,9.052259680633746
Navme06,17.62482848034254
Navmi01,15.955030732120708
Navmi02,18.728292197533076
Navmi03,15.997331918777945
Navmi04,3.276187356014267
Navmi05,10.24280953091071
Navmi06,12.040491155779849
Navmi07,7.577769517220471
Navmi08,4.345432534133201
Navmi09,14.933589118922146
Navmo01,12.61787752407693
Navmo02,9.56705508207621
Navmo03,18.752356215175215
Navmo04,17.732969260042108
Navmo05,5.072739801512391
Navmo06,11.927520114571687
Navmo07,5.6644993556818495
Navmo08,16.386928479213545
Navmo09,7.080403039326792
Navmo10,1.999985076862643
Navmu01,12.432641519997802
Navmu02,12.76767413978573
Navmu03,16.795839318077743
Navmu04,6.758157441796484
Navmu05,8.23220087661081
Navmu06,5.140113917468254
Navmu07,17.187128918152602
Navna01,7.837170084175619
Navne01,1.8780947194773954
Navne02,14.263275030826321
Navni01,8.665805218892986
Navno01,5.345496324537443
Navno02,19.6372166729886
Navno03,19.164642778113105
Navnu01,7.0867812194820745
Navny01,4.7068453340172915
Navob01,15.494341800232501
Navob02,10.098008289728252
Navob03,11.476119615375968
Navob04,16.283717654343583
Navob05,8.366522111533518
Navob06,13.810705677178607
Navoc01,17.75002984789408
Navol01,5.020771212836121
Navop01,14.49987642469625
Navop02,11.996186959410513
Navop03,14.129800615112948
Navpa01,18.364328246872205
Navpa02,14.462172796237331
Navpa03,2.0000007729484537
Navpa04,10.134878316502906
Navpa05,4.140228111077623
Navpa06,12.0695245182611
Navpa07,13.52053024336523
Navpe01,2.7925130023512645
Navpe02,1.9999970813079884
Navpe03,11.150764192347312
Navpe04,7.118398089734648
Navpe05,1.623363034391018
Navpe06,18.98430149465815
Navph01,14.20273302083333
Navph02,9.891375455369237
Navpl01,13.06974245885643
Navpr01,15.404346397232604
Navpr02,17.351695995600906
Navpr03,9.386199369373445
Navps01,13.206470734369026
Navps02,12.175623322224995
Navps03,12.611720719961836
Navps04,7.968944964291827
Navps05,15.609965797021408
Navps06,18.69641371081172
Navps07,6.9926472993820346
Navps08,12.721761070193834
Navps09,16.177132525734145
Navps10,14.562741457728356
Navps11,10.889782508043305
Navps12,11.184238284337177
Navpu01,17.863637346623275
Navpu02,16.42201001419779
Navpu03,10.743752484613434
Navpu04,4.083444402385671
Navpy01,18.760053213388435
Navqu01,6.196209504329138
Navra01,19.26456233287696
Navra02,17.988028991388553
Navra03,1.9999893562566484
Navra04,17.584145652826162
Navre01,2.000000197397277
Navre02,6.376490095113202
Navre03,10.208499898953495
Navre04,19.600204798304095
Navre05,13.928718050801319
Navre06,1.9999999726535123
Navrh01,16.89806034145542
Navrh02,18.93716678170376
Navrh03,5.745090995824016
Navri01,8.328011040376824
Navri02,7.348456979714356
Navri03,11.607227157761272
Navri04,6.743609365070028
Navro01,11.947235604528037
Navro02,18.032969136136675
Navru01,13.484551212991542
Navsa01,8.436485638504458
Navsa02,12.070302279191653
Navsa03,1.000326930529285
Navsa04,2.5113135611419177
Navsa05,16.000909992730588
Navsa06,7.336805749365526
Navsa07,4.820383269127337
Navsc01,7.911725708099111
Navsc02,10.54219969539176
Navsc03,18.132148067986023
Navsc04,14.60393260067168
Navsc05,2.000006967501008
Navsc06,10.447551704253584
Navsc07,11.576014376738572
Navsc08,2.726787192771557
Navse01,6.734381105628157
Navse02,7.673911007978477
Navse03,13.564166796622027
Navse04,5.849468881376585
Navse05,18.79625590905751
Navse06,6.572193190518012
Navse07,17.200116934981917
Navsi01,11.691104777692686
Navsi02,5.189787180415425
Navsi03,1.0158850016018095
Navsi04,8.78720115992214
Navsl01,10.073588803703526
Navsm01,1.0158985713639042
Navso01,9.083836806829675
Navsp01,5.582680306917605
Navsp02,14.919762377331063
Navsp03,19.53225219915988
Navst01,16.65924637778587
Navst02,6.783977746371608
Navst03,18.756118544671626
Navst04,12.148586200170218
Navst05,19.210716706798156
Navst06,10.874288592649087
Navst07,14.673834457776556
Navsu01,10.076601760100818
Navsu02,16.979724108817386
Navsu03,19.997864380238067
Navsu04,11.64795764030754
Navsu05,16.042032266599115
Navsu06,19.31844941261787
Navsu07,16.609967789716656
Navsu08,16.681542215577664
Navsu09,1.0059893923223282
Navsu10,18.21482344046809
Navsu11,13.897079190203034
Navsu12,11.232042611912789
Navsu13,15.456931141857964
Navsu14,7.88184429193938
Navsu15,3.630562047159837
Navsu16,15.005990596853056
Navsu17,2.0000064603509458
Navsu18,6.743559430778154
Navsu19,18.22497057192577
Navsu20,7.977229051194598
Navsy01,11.909219299982931
Navsy02,2.0000064628274146
Navta01,9.971788006500125
Navta02,16.27455795513431
Navte01,14.67144979284831
Navte02,2.7446709533868043
Navte03,4.293643391482064
Navth01,2.214265499630184
Navto01,2.000006635402144
Navtr01,16.339528352240475
Navtr02,12.568449746860097
Navtr03,7.684992154349074
Navtr04,2.7875664976817656
Navtr05,6.831041214030868
Navtr06,14.57283713242076
Navtr07,12.126846394369078
Navtu01,8.962591895004442
Navtu02,18.405566882178146
Navul01,16.901996468036597
Navum01,5.649012540981271
Navum02,2.0000044343553185
Navun01,3.7204111637840187
Navut01,3.50389034917428
Navva01,10.31807374665532
Navva02,3.118997677954079
Navva03,13.807200904758291
Navva04,17.736749839888088
Navva05,18.667628058512378
Navva06,18.366798828366694
Navve01,11.706363929824631
Navve02,13.520599454454691
Navve03,4.931976344576332
Navve04,9.218862252792958
Navve05,14.108624842869588
Navve06,18.905594425668593
Navve07,16.419752676922098
Navvi01,10.51945100128737
Navvi02,15.191145062627184
Navvi03,18.580914817296087
Navvi04,15.224521909766265
Navwe01,12.358797582144462
Navwi01,1.4114982663896682
Navwi02,9.479628411385606
Navwi03,17.269744303316855
Navwi04,7.91284289976052
Navwy01,7.254208674455267
Navza01,18.430232836880585
Navze01,16.287501383474506
Neiaf01,18.534450907080167
Neial01,16.612716202081533
Neiam01,14.383225481635721
Neiap01,18.058624311291073
Neibi01,15.490057734716355
Neibi02,18.24540152550338
Neibi03,17.52027857906285
Neibi04,9.281428606352405
Neica01,6.260058568621031
Neico01,8.217569936145384
Neicu01,15.287376877258785
Neide01,8.678532840273386
Neidu01,8.256360570388011
Neiel01,14.45297562490191
Neihe01,1.5154012422083274
Neihu01,10.981932756655379
Neiin01,16.77133259508825
Neiir01,17.253194368593338
Neilo01,18.552526824369146
Neipe01,17.26342732227309
Neipr01,9.954987403885703
Neips01,1.8810842006297026
Neise01,11.171060651009672
Neisu01,5.129852114957015
Neite01,11.396334617065262
Neive01,9.37975249710457
Neoco01,7.0732631205094485
Nitab01,18.03046807079337
Nitac01,13.406340294504826
Nitac02,8.945032390466272
Nitac03,7.279862904082019
Nitac04,10.44980371575775
Nitac05,18.61371105767776
Nitac06,10.153851708061753
Nitad01,9.829581922224042
Nitae01,9.172684409298034
Nitae02,10.335375925667192
Nitag01,5.805623908334078
Nitag02,9.261042855157992
Nital01,18.965048582362215
Nital02,3.526250544149567
Nital03,5.3358193695282505
Nitam01,2.672244519216024
Nitam02,6.428554506726187
Nitam03,11.884312701999711
Nitam04,1.6948531123461275
Nitan01,18.609047714797004
Nitan02,16.094228762984113
Nitar01,19.297305762569525
Nitar02,7.9712709036632186
Nitau01,6.606419495024693
Nitau02,4.606490764690002
Nitba01,19.999270476484877
Nitba02,10.488589829690591
Nitba03,18.701646015273614
Nitba04,16.293217334249444
Nitbe01,15.067457208836474
Nitbe02,12.476314429398556
Nitbi01,7.286549456247663
Nitbr01,10.338226756169446
Nitbr02,17.25813926977401
Nitbr03,2.677049204286217
Nitca01,6.7575098669996985
Nitca02,2.069855447164235
Nitca03,1.142804692182934
Nitcl01,4.505237319886674
Nitco01,15.116661213592263
Nitco02,6.886176592658323
Nitco03,3.473170210577215
Nitco04,19.30993954626623
Nitco05,14.502843040847894
Nitco06,5.13621481146101
Nitco07,15.9278371244303
Nitcu01,3.6488246093100294
Nitcu02,17.556258007630063
Nitcu03,13.436687439802093
Nitde01,12.34766205904479
Nitde02,12.50627595727733
Nitde03,10.491245476832585
Nitde04,11.29903748462522
Nitde05,16.76229829215709
Nitde06,7.560196012383634
Nitdi01,17.01482363503719
Nitdi02,3.764315708326958
Nitdi03,17.06509774534165
Nitdi04,19.997915593557767
Nitdi05,11.89613780862275
Nitdi06,10.458535695672794
Nitdr01,15.218902611928575
Nitdu01,8.574236710133913
Nitel01,17.407721159295615
Nitep01,7.700051513231892
Nitet01,19.999989549490667
Niteu01,12.7510821419003
Nitfa01,2.690842506291506
Nitfi01,18.39366874817142
Nitfi02,3.554164058898245
Nitfl01,7.5374106773479115
Nitfl02,5.141934083531634
Nitfo01,19.880105330358827
Nitfo02,1.8494925063175154
Nitfr01,1.2349140670267849
Nitfr02,1.2938216783608258
Nitfr03,7.957413524856617
Nitfu01,13.345019539273187
Nitge01,18.851419401511702
Nitgi01,5.666931371785839
Nitgo01,15.778832597874153
Nitgr01,15.467579809064361
Nitgr02,12.644968081228784
Nitgr03,8.710553144041565
Nitha01,19.980941838856083
Nitha02,17.322552321205
Nithe01,17.142299623344606
Nitho01,7.065453797448698
Nitho02,15.945326127640723
Nithu01,7.598012589502965
Nitin01,8.592547033937821
Nitin02,6.15759876317747
Nitin03,18.583816760336198
Nitin04,5.537076929794965
Nitin05,14.062985848953087
Nitju01,10.8850805152085
Nitla01,13.358575781805722
Nitla02,18.9377460960434
Nitla03,19.364504114984147
Nitla04,2.0000018172901974
Nitla05,12.662224572701948
Nitla06,11.277748729636775
Nitla07,19.697610819690215
Nitle01,10.297533062671837
Nitle02,17.455261843413798
Nitli01,4.752692146245424
Nitli02,19.20936815188977
Nitli03,14.581705611217433
Nitli04,4.131191742087419
Nitlo01,16.32643213540046
Nitma01,13.039139370930167
Nitme01,18.200052941980974
Nitmi01,3.277184060195036
Nitmi02,17.365887508907168
Nitmi03,8.992705603382085
Nitmi04,1.9999980911620199
Nitmo01,10.153041134403901
Nitmo02,10.917127891171626
Nitna01,17.153877498579558
Nitob01,7.966073222671716
Nitov01,15.015466929025248
Nitpa01,6.317685449240745
Nitpa02,4.021368452248368
Nitpa03,4.413624567351327
Nitpa04,12.111121049517175
Nitpa05,8.233970478949336
Nitpa06,1.3745608237209967
Nitpa07,10.546542530078751
Nitpa08,10.324928850348634
Nitpa09,15.871127220892129
Nitpe01,2.252497829463877
Nitpe02,8.181246700338235
Nitpe03,14.72038054125787
Nitpe04,3.4923584870488713
Nitpi01,12.780771735408058
Nitpl01,1.999996730073903
Nitps01,15.399650012532815
Nitps02,8.881700723575053
Nitpu01,10.044975921067754
Nitpu02,17.15440653370979
Nitpu03,15.7629475119265
Nitpu04,12.1830223133122
Nitra01,12.183415917862595
Nitre01,18.310404745457635
Nitre02,18.139072721902295
Nitre03,6.355714185714761
Nitre04,3.371084136810733
Nitrh01,15.562446133821599
Nitro01,11.533148796198475
Nitro02,12.025928570568189
Nitro03,15.27775222803596
Nitsc01,8.029748871576535
Nitse01,3.3594631516630686
Nitsi01,2.9107263462373614
Nitsi02,12.047909356644428
Nitsi03,14.041703494130504
Nitso01,15.846584478490449
Nitso02,14.55193800840701
Nitso03,13.438583508649554
Nitso04,4.244913531598349
Nitsp01,2.868311569352408
Nitst01,12.556403174675143
Nitsu01,7.037225252446251
Nitsu02,6.189870639185898
Nitsu03,19.988251625758778
Nitsu04,8.430341368319517
Nitsu05,18.95637539999208
Nitsu06,11.489860303912849
Nitsu07,11.120683254385051
Nitsu08,5.294422890341088
Nitsu09,5.878556985909671
Nitsy01,6.717281479784164
Nitta01,2.0000002316214562
Nitte01,2.0465126546134558
Nitte02,14.239752354489154
Nitth01,8.314386085596329
Nitth02,7.014822000417789
Nittr01,5.482025420059441
Nittr02,11.445314511340868
Nittu01,7.4709479625341055
Nitva01,12.292015748431549
Nitva02,12.77417617991764
Nitve01,14.13200019445116
Nitve02,16.104676116131014
Nitvi01,19.078234827934782
Nitvi02,3.5493484968086797
Nitwu01,13.184012851171493
Nitzu01,1.999999305744943
Nupca01,14.218255651358024
Nupde01,9.52997323736668
Nupel01,9.398008973835756
Nupex01,11.677105333020183
Nupfe01,18.038205910475003
Nupim01,9.609918520872135
Nupim02,4.5845145363898006
Nupla01,19.634884949350337
Nupma01,8.539207802704384
Nupne01,7.122642611083258
Nuppa01,2.000000393741388
Nuppa02,15.203982052768765
Nuppr01,6.928644367903485
Nuppr02,1.4405751600398145
Nupru01,9.19700127004067
Nupsc01,1.1701774334603974
Nupsi01,16.77749960124512
Nupsu01,9.931741584152938
Nuptr01,6.9114843597864075
Nupvy01,15.877747453393061
Nupwe01,8.698895064500515
Odoau01,8.201403922392691
Odohy01,14.003444181162164
Odomu01,17.73781677320798
Odone01,18.634950229851416
Odosp01,9.404458922928404
Opebu01,5.644138086871262
Opema01,17.055197157257236
Opemi01,6.312186857034089
Opeol01,7.379716681897438
Opepa01,3.1481101860117344
Ortro01,8.16797441967871
Panco01,15.905950814596041
Panco02,16.120267688040567
Pande01,18.56446602864263
Panoc01,12.469448568919447
Panpo01,13.9994327508654
Panps01,11.7275463448648
Panro01,16.187976488829026
Panwu01,18.274941973406666
Parde01,4.368313142816131
Parhe01,8.073376954206323
Parmi01,17.070289820953903
Parpr01,5.947429609979511
Parrh01,15.821281320417254
Parsu01,9.594170945037758
Pendi01,17.93405884068328
Perfi01,19.095206808508333
Perpe01,14.578478358687349
Pinac01,10.312616061431047
Pinac02,16.052320275143845
Pinac03,10.678708177806065
Pinac04,15.299879237215036
Pinam01,14.419559705395466
Pinan01,7.181405305507685
Pinan02,17.163874035314763
Pinan03,14.30299025659399
Pinap01,9.67074696283019
Pinbi01,14.563771548662553
Pinbo01,11.05782724553667
Pinbr01,7.651998703058707
Pinbr02,4.918451992384756
Pinca01,17.089780995320357
Pincl01,3.920635239290615
Pinde01,2.997912968735065
Pindi01,19.981510711358265
Pindi02,6.002349716846961
Pindo01,11.44330116937459
Pindu01,13.066929206474331
Pinel01,13.159819138462872
Pinel02,10.787345930697171
Pinex01,3.5385886433363702
Pinfa01,1.6044197389827668
Pinfe01,6.963214689746338
Pinfr01,13.290164994566856
Pinfr02,8.287552713221208
Pingi01,18.633271440290358
Pingl01,18.556336859869596
Pingr01,11.246481103173544
Pingr02,4.401207780698037
Pinin01,2.6816020203915776
Pinin02,17.718132833061855
Pinin03,1.999998925470038
Pinis01,9.256098815841506
Pinkn01,4.671605620028421
Pinkr01,11.230394927891046
Pinkr02,8.819450480599508
Pinku01,18.240338287426024
Pinla01,16.742987870094147
Pinla02,15.391848290916453
Pinle01,11.987808360504188
Pinlu01,10.585092794069004
Pinma01,6.5850973422728805
Pinma02,8.96880101223194
Pinma03,10.017362955817777
Pinma04,14.54402403624265
Pinma05,16.308552514132174
Pinme01,9.363764879164421
Pinme02,14.359219619620825
Pinmi01,12.695841775034976
Pinmo01,13.294940127184166
Pinmo02,2.4664079030207122
Pinmo03,16.20363769741989
Pinmu01,11.290489988379647
Pinna01,5.537932171382898
Pinne01,16.930272657021497
Pinno01,13.849848216454202
Pinno02,18.439989327150677
Pinob01,17.714492679596432
Pinov01,13.934019720710477
Pinpa01,17.027079303263772
Pinpa02,10.349254976347652
Pinpe01,9.28262050217311
Pinpe02,9.671326014020263
Pinpe03,18.63668365624133
Pinpe04,16.496572623173318
Pinpe05,9.228951347179825
Pinpl01,2.248087026895839
Pinpo01,10.802577997501192
Pinpo02,17.469827622150085
Pinps01,10.140410890104109
Pinra01,15.399370019620351
Pinre01,12.295988097445528
Pinrh01,7.686745510232621
Pinrh02,7.1311164337544914
Pinrh03,18.157001374278703
Pinru01,8.499759213377304
Pinru02,10.192541206964947
Pinsa01,8.947978308518215
Pinsa02,15.651971327521842
Pinsa03,16.188575436627726
Pinsc01,18.69892274906177
Pinsc02,12.573797351812448
Pinsc03,4.918712070983804
Pinsc04,1.595648836608621
Pinsi01,11.266725276052572
Pinsi02,9.768456941594588
Pinsi03,9.571836155547963
Pinsi04,16.693349689588636
Pinst01,8.077293399609138
Pinst02,18.601398463854387
Pinsu01,11.66191241304405
Pinsu02,11.51809142295742
Pinsu03,5.032873802202779
Pinsu04,19.192982155524508
Pinsu05,17.915353994166637
Pinsu06,13.736440100343874
Pinsu07,12.367926842172247
Pinsu08,1.9999999997499316
Pinsu09,7.005662315646439
Pinsu10,16.48757039568954
Pinsu11,9.995184871146844
Pinte01,16.31667958732696
Pinth01,8.9300103133492
Pintr01,12.99714360839068
Pinvi01,18.02165391783134
Pinvi02,8.297837805075691
Plaab01,15.416168837945573
Plaam01,6.701389902073161
Plaap01,13.734066469916817
Plaat01,14.898950418820275
Plaau01,16.072267861601272
Plaba01,11.32417203430346
Plaba02,14.18058315642484
Plabi01,17.18952076466641
Plabr01,6.49061254214397
Placa01,10.610177694575317
Placl01,17.256108541315122
Placl02,15.186786426212727
Placu01,7.438442763862582
Pladi01,12.164862390920248
Pladu01,18.944317298793123
Plael01,7.058105322595451
Plaga01,11.8269673938636
Plaga02,10.9415201106178
Plaga03,6.40113404995192
Plaha01,16.943136242330997
Plaha02,13.074947786669188
Plahi01,4.8237708055459265
Plain01,13.007051296019176
Plaki01,18.7313143430455
Plala01,1.9999999999999645
Plala02,19.769891074976048
Plalu01,16.631762030022035
Plama01,11.94782748482498
Plame01,7.101013246412104
Plami01,1.9999999999998437
Plami02,15.447193106570634
Plana01,13.33536033436008
Plaob01,19.700498321444922
Plaoe01,17.088648095371845
Plapa01,13.081783370567921
Plapa02,12.941747469847972
Plape01,8.784239702397558
Plape02,11.578341429509036
Plape03,18.77438851420753
Plapl01,16.78318754095359
Plapo01,10.714056562864531
Plaps01,17.474831601785095
Plapu01,16.000984456658053
Plare01,18.67607334646648
Plaro01,6.489850751717006
Plaro02,18.581801981695175
Plaro03,12.454149653324494
Plaro04,13.204412772042575
Plaro05,6.778992326399059
Plasa01,16.454694507578527
Plasi01,13.842257347918284
Plast01,14.297296493895512
Plata01,14.909205585136291
Plats01,8.372257249842178
Plava01,10.311812554964076
Plava02,9.85602237633751
Plavi01,7.532264954746144
Plawe01,8.590509180881748
Plean01,13.547830660160338
Plebr01,7.32962896423886
Plede01,7.196625579202025
Pleku01,9.440422025975979
Plela01,3.89416179266649
Pleno01,12.915264216828506
Pleob01,6.012729900659687
Plepr01,8.928263977819048
Plesa01,8.664760638183688
Plesc01,8.804193743500475
Plesp01,10.191450847307598
Plewo01,16.528514955649033
Porpe01,18.706347564809693
Pratr01,10.27555262261296
Prepr01,18.864930869653747
Prepr02,6.427181990744289
Pretu01,9.822338647527195
Prohu01,11.165856601301613
Psaab01,12.546595143605526
Psaac01,16.319277193464053
Psaal01,18.428359684567788
Psabi01,18.63783923622225
Psabr01,12.698806083717654
Psabu01,13.448303402687435
Psaco01,17.61244608888019
Psafr01,9.501095018691165
Psahe01,19.797684080867416
Psami01,11.853591883155456
Psaob01,19.206994401862648
Psapu01,1.055164413397783
Psasa01,6.356892608005371
Psave01,15.764135242559039
Pse(a01,15.079032758687443
Pseal01,17.75606520591834
Psebi01,5.143891282815867
Psebo01,1.9999999999999574
Psebr01,15.565480884092363
Pseca01,17.157327697498122
Psecl01,6.221477136240661
Pseco01,8.908930989473244
Psege01,18.44481687574991
Pseme01,15.964090209139806
Pseoc01,16.493078015052216
Pseop01,16.363332495712633
Psepa01,17.198113330206667
Psepa02,5.608187529040386
Psepo01,14.03716336094917
Psero01,13.243781500351037
Psesm01,15.871812998340976
Pseso01,17.965710504829254
Psevu01,12.158495420698447
Pulob01,17.02643335882313
Punbo01,12.88136741868119
Pundi01,15.672239442149776
Pungl01,8.010985898997902
Punov01,15.280785310495522
Punpr01,15.97295322878282
Punra01,11.163438480577968
Pyxco01,2.465623694719613
Reifo01,13.507357107155462
Reisi01,19.998540953212736
Reiun01,15.626283165154833
Rhaam01,9.609860154695124
Rhami01,9.843051605600989
Rhasu01,3.028694524720348
Rhipr01,7.43500636428926
Rhoab01,13.76042908518536
Rhobr01,8.825483976993874
Rhogi01,4.13191589616601
Rhogi02,9.331500675938715
Rhote01,18.615036177269424
Rhova01,7.786691994457385
Rosan01,19.12216672255581
Scema01,5.039650132532701
Scemu01,2.0742126705911303
Schbr01,9.984726489582615
Schcr01,1.5613295874700996
Schex01,4.75620768026313
Schla01,14.012500738550399
Selab01,5.265922537633473
Selar01,11.57641224018227
Selar02,12.166942495097649
Selat01,13.506705412756027
Selau01,9.901525766283852
Selba01,13.740094674125594
Selbl01,15.804453082748342
Selbo01,10.458298081015585
Selca01,17.72291060354354
Selch01,2.84972812432974
Selco01,11.569346417472723
Selcr01,11.292012412597376
Selda01,17.075695131035435
Seldi01,18.37351471686485
Selel01,8.040992672856564
Selja01,14.697743251541409
Sella01,8.723745973247153
Sella02,5.315808356280254
Selmu01,3.661677634345917
Selni01,9.482310500844262
Selpa01,9.234520512187887
Selps01,10.900991427607051
Selps02,11.306767508048292
Selps03,11.868807397219669
Selpu01,9.263788168600678
Selra01,15.83728991844037
Selre01,8.521821244152434
Selrh01,19.347724639517374
Selrh02,11.031693346307428
Selro01,18.741850314470557
Selru01,8.797836502572784
Selsa01,9.427495670170835
Selsa02,1.6168247297282747
Selsc01,13.941347743668404
Selsu01,11.887759824303009
Selsu02,13.514540813719938
Seltr01,10.01795154772329
Selut01,9.05086796600303
Selve01,16.07888441801025
Semin01,8.331365021485146
Semro01,16.338767060836894
Skaoe01,7.799847273945883
Skape01,18.660216129849392
Skepe01,4.075738765511079
Skesu01,9.523945851190772
Spisp01,7.154870767112207
Staac01,13.634425683180755
Staac02,11.206661031482227
Staac03,5.555457570505782
Staac04,10.16714988754279
Staag01,16.953631352130778
Staal01,15.156442970089845
Staam01,11.466174725987427
Staam02,12.167865215034098
Staam03,6.926133303655007
Staan01,5.106751458269741
Stabe01,18.57271648552643
Stabo01,2.9613193589068523
Stabo02,17.146507871551616
Stabo03,18.705804060366507
Stabr01,8.270138599368883
Stach01,19.462590536664777
Staco01,2.6694659610942693
Staco02,9.453020001394409
Stacr01,16.996040311921288
Stadi01,8.295040780359537
Stadu01,9.937941612401149
Stadu02,14.512659371006558
Staex01,3.341809429291872
Stagr01,14.753960449021749
Stagr02,11.701160667265011
Stahe01,17.10765583027558
Stain01,8.29558076485115
Stain02,19.24531757170649
Stain03,15.796609316571383
Stakr01,14.86673698703032
Stakr02,4.448256999960007
Stala01,16.942641708336886
Stala02,12.437437527012657
Stala03,14.58121817168421
Stale01,16.06431644299076
Stale02,14.99537672122664
Stale03,8.350023283047319
Stale04,18.529046091975832
Stalo01,12.054184448262125
Stama01,3.0939893966987553
Stami01,17.095039889355338
Stamu01,16.179037444497265
Stana01,7.047717141944249
Stane01,10.873063871578548
Stane02,4.450047562174966
Staob01,3.864903202044117
Staol01,10.430303577856685
Staol02,10.495390893330667
Staov01,18.13584586537051
Stapa01,15.129814357448387
Staph01,7.121265037472664
Stapi01,18.483862163213125
Stapi02,17.226538457496087
Stapl01,8.100594215306222
Stapo01,1.9999999999999858
Stapr01,10.179032833008828
Stapu01,1.9999999999999716
Stare01,5.316527763073116
Stare02,16.406721269957192
Staro01,8.308647413291313
Stasa01,12.653972484755494
Stase01,14.860349473123675
Stasi01,14.201970295290518
Stasm01,17.019509707727632
Stasp01,11.254745511373214
Stast01,14.271547060843792
Stasu01,14.560564123339825
Stasv01,4.630873858032579
State01,4.959725283560178
Stath01,18.923585148167263
Staun01,17.046054222873074
Stave01,15.65698041521968
Stawi01,18.28949369701653
Steal01,4.084148930455315
Stebr01,11.202950721213107
Steco01,11.502877699369863
Stede01,13.669484084705974
Stedu01,6.895718680648782
Steha01,6.538319319443542
Stein01,6.178457956158008
Steme01,6.249717552582683
Stemi01,2.7433284477052657
Stena01,5.299446244903571
Stene01,3.6352670142980146
Stepa01,10.289427848518033
Stero01,14.85968520926525
Stete01,7.833505441913378
Stetr01,11.497647714507542
Steve01,10.084934536164807
Surac01,8.777458594304719
Sural01,9.817126210616962
Suram01,16.026633361966788
Suran01,12.838826037973636
Surbi01,16.558332111988182
Surbi02,18.620411325308176
Surbi03,10.299375295577365
Surbo01,3.160096334716247
Surbr01,10.823727109096014
Surbr02,13.430758118987635
Surca01,10.226409156133439
Surch01,12.845659852714165
Surcr01,18.078334474429642
Surde01,9.675169650292277
Surel01,13.551795229019579
Surhe01,15.630831728480993
Surhi01,3.3671297141192884
Surla01,11.833235312096116
Surli01,11.32845549171101
Surli02,16.5223866607026
Surma01,15.324784382873437
Surmi01,13.867590449791866
Surna01,9.309505036619363
Surol01,2.0
Surov01,9.576938224717413
Surpa01,14.454336834119003
Surre01,10.370426777917466
Surro01,18.924713612659513
Surro02,16.587712769345618
Surst01,14.0094624889429
Surst02,5.446379324058142
Sursu01,15.002771494068254
Sursu02,8.0852993501195
Surte01,2.984568763540566
Surte02,17.37024508733282
Surun01,12.417461911264397
Surve01,15.805555482538294
Survi01,18.849983570743397
Synac01,13.713470082450197
Synac02,17.784061273368096
Synaf01,9.937941612401149
Synam01,8.235293036379131
Synam02,15.431091225325371
Synba01,5.367896829550091
Synbe01,5.088105180172142
Synbi01,16.71317047519429
Synbi02,18.853836701933915
Synca01,12.443881889053106
Syncr01,11.822460830241797
Synda01,18.621274736766633
Synde01,12.152202709962081
Synde02,10.043205377924448
Synfa01,14.420685548334731
Synfa02,18.368278838751255
Synfl01,11.636000609679442
Synla01,18.225634299153857
Synma01,13.028617838339972
Synmi01,18.458153504727974
Synmo01,17.84711525218917
Synmo02,17.938678352355574
Synna01,13.80436835691109
Synpa01,18.737900493416777
Synpl01,15.043686924160381
Synru01,16.980914961122046
Synso01,18.386844066838364
Synul01,14.896772340214465
Synva01,10.445017082694275
Tabfa01,5.273741593304385
Tabfe01,8.510257821108022
Tabfl01,19.893887222818194
Tabin01,11.663841889335655
Tabta01,2.1541020840004403
Tabve01,17.464842968145202
Tetgl01,9.724967716388521
Tetla01,4.5199418402349805
Tetru01,5.8569119864541
Thaba01,18.09313631010789
Thabr01,15.518357787828451
Thadu01,11.792752484595743
Thage01,8.733045966392853
Thani01,1.786381532802095
Thaps01,3.316704652338345
Thavi01,8.081109343238824
Traac01,14.465986674744066
Traas01,14.842967677539447
Traau01,5.199592301875854
Triex01,12.221368184760072
Trire01,7.667132802225432
Tryan01,14.855221458494622
Tryan02,15.649024941013213
Tryap01,12.55390984566235
Trybr01,12.186358970566532
Tryca01,6.2181201189242366
Tryco01,13.282691207491013
Tryco02,13.378777832457553
Tryde01,9.501566746226734
Trygr01,8.491780093189519
Tryku01,13.37114573102138
Tryle01,7.062544773348139
Trysu01,15.753775921640823
Tryvi01,11.212114414593504
Tscmi01,1.4384666937164166
Ulngr01,17.231906058853077
Ulnul01,12.701138960966656
Vibtr01,19.02030265123306
Witan01,2.77836660323797
Withu01,1.0072796436596057
Witps01,11.391971020123547
Witsu01,10.232754604249562
Witsy01,9.583080275688237
Zygsu01,6.694369259775617
